customer_id,Recency,Frequency,MonetaryValue,cust_tier,member_gender,member_age,member_country,cluster
1,267,1,120.4,4,1,0.0,0,0
2,10,12,1009.11,1,2,0.0,0,0
3,240,3,213.72,4,2,0.0,0,0
4,75,3,223.33999999999997,3,2,0.0,0,0
5,130,11,1356.06,4,1,0.0,0,0
7,130,4,162.78999999999996,1,1,0.0,0,0
8,130,3,724.87,1,2,0.0,0,0
9,17,5,437.04999999999995,4,2,0.0,0,0
11,110,3,172.39999999999998,4,1,0.0,0,0
12,143,3,902.62,4,2,0.0,0,0
13,7,8,553.53,4,1,0.0,0,0
14,122,12,1337.9,1,1,0.0,0,0
15,5,4,284.24,2,1,0.0,0,0
16,26,3,250.77,4,2,0.0,0,0
17,416,1,14.25,1,1,0.0,0,0
18,158,2,279.96999999999997,4,1,0.0,0,0
19,17,4,110.41000000000001,4,1,0.0,0,0
20,17,1,89.05,2,2,0.0,0,0
21,17,1,35.62,4,2,0.0,0,0
22,161,1,124.31,1,2,0.0,0,0
23,13,88,17503.950000000008,2,2,0.0,0,0
24,177,3,341.25,4,1,0.0,0,0
27,17,14,1720.78,4,1,0.0,0,0
28,5,18,1980.0999999999997,2,1,0.0,0,0
29,37,5,439.2,4,2,0.0,0,0
30,283,1,71.24,2,1,0.0,0,0
31,37,8,525.06,4,1,0.0,0,0
32,20,2,171.69,2,2,0.0,0,0
33,347,1,124.31,4,1,0.0,0,0
34,644,2,131.43,2,2,0.0,0,0
35,315,2,141.41,2,1,0.0,0,0
36,328,1,71.24,1,2,0.0,0,0
38,37,8,862.3599999999999,4,2,0.0,0,0
40,24,9,1093.18,4,2,0.0,0,0
42,72,3,183.8,1,1,0.0,0,0
43,166,4,362.25,2,1,0.0,0,0
44,352,1,277.84,4,2,0.0,0,0
46,129,12,1670.9199999999996,2,1,0.0,0,0
47,353,6,538.57,4,1,0.0,0,0
48,124,3,85.49,4,1,0.0,0,0
49,7,13,613.3599999999999,4,1,0.0,0,0
50,37,3,291.02,4,2,0.0,0,0
52,137,12,1017.3100000000001,4,1,0.0,0,0
54,37,4,213.0,4,2,0.0,0,0
56,37,7,471.96999999999997,1,2,0.0,0,0
57,12,9,920.43,4,2,0.0,0,0
58,207,1,8.9,1,2,0.0,0,0
59,574,1,160.29,4,1,0.0,0,0
60,22,20,2016.4499999999998,4,1,0.0,0,0
61,37,29,2051.0,2,2,0.0,0,0
62,188,1,31.7,4,2,0.0,0,0
63,203,5,510.44000000000005,4,2,0.0,0,0
64,80,3,110.07,3,1,0.0,0,0
66,80,9,629.75,4,2,0.0,0,0
67,153,1,63.05,1,1,0.0,0,0
68,80,11,974.9300000000002,4,1,0.0,0,0
69,349,1,62.33,4,1,0.0,0,0
70,140,1,71.24,1,1,0.0,0,0
71,16,14,1105.27,4,2,0.0,0,0
72,80,10,548.56,1,1,0.0,0,0
73,296,2,154.6,1,2,0.0,0,0
74,296,1,35.62,1,2,0.0,0,0
75,170,3,303.13,1,1,0.0,0,0
76,145,4,467.33,4,1,0.0,0,0
78,121,16,1666.2999999999997,4,1,0.0,0,0
79,66,6,432.40999999999997,1,2,0.0,0,0
80,80,16,1667.35,3,1,0.0,0,0
81,166,2,92.25999999999999,4,2,0.0,0,0
82,80,5,258.61,4,2,0.0,0,0
83,155,2,142.48,4,2,0.0,0,0
84,110,4,219.05999999999997,4,1,0.0,0,0
85,55,50,3902.16,2,1,0.0,0,0
86,138,4,305.62,4,2,0.0,0,0
87,78,9,480.16999999999996,2,1,0.0,0,0
88,150,5,329.47999999999996,1,1,0.0,0,0
89,21,7,502.25,4,2,0.0,0,0
90,34,19,5887.29,4,1,0.0,0,0
91,88,13,636.85,4,1,0.0,0,0
92,81,6,757.6400000000001,2,2,0.0,0,0
93,47,8,1119.53,4,1,0.0,0,0
94,305,4,177.75,2,2,0.0,0,0
95,305,2,160.29,4,2,0.0,0,0
96,7,5,416.4,2,2,0.0,0,0
98,156,3,220.13,4,1,0.0,0,0
99,311,2,183.8,2,2,0.0,0,0
100,10,24,1546.64,4,1,0.0,0,0
101,138,1,59.49,4,2,0.0,0,0
103,61,23,1833.6800000000005,4,1,0.0,0,0
105,196,3,66.97,1,2,0.0,0,0
106,2,3,102.22999999999999,4,2,0.0,0,0
111,77,4,350.86,2,1,0.0,0,0
112,535,1,49.51,4,2,0.0,0,0
113,24,2,56.64,4,1,0.0,0,0
114,683,1,63.4,2,2,0.0,0,0
115,186,2,170.26,4,1,0.0,0,0
116,568,1,142.12,4,2,0.0,0,0
117,361,1,142.48,4,2,0.0,0,0
118,72,3,283.19,4,2,0.0,0,0
119,7,54,6592.890000000001,4,2,0.0,0,0
120,285,5,312.73999999999995,4,2,0.0,0,0
121,164,1,21.02,4,1,0.0,0,0
122,67,4,323.78,4,2,0.0,0,0
123,134,9,804.2900000000001,4,1,0.0,0,0
124,138,2,1685.1799999999998,4,1,0.0,0,0
125,137,1,71.24,2,2,0.0,0,0
126,12,26,1835.119999999999,4,1,0.0,0,0
127,45,4,315.6,2,2,0.0,0,0
128,35,24,1945.1999999999998,1,1,0.0,0,0
130,319,1,59.49,2,2,0.0,0,0
131,19,4,276.06,4,1,0.0,0,0
132,319,4,347.29,4,2,0.0,0,0
133,51,3,87.99000000000001,2,2,0.0,0,0
134,51,8,370.09,4,1,0.0,0,0
135,51,16,2252.26,4,2,0.0,0,0
136,51,3,527.88,4,1,0.0,0,0
137,51,1,44.52,4,1,0.0,0,0
138,2,34,4324.97,1,1,0.0,0,0
139,80,4,184.87,4,2,0.0,0,0
140,96,6,564.9399999999999,4,2,0.0,0,0
141,82,6,541.0699999999999,4,1,0.0,0,0
143,45,10,556.04,2,1,0.0,0,0
144,70,36,5275.44,1,2,0.0,0,0
145,178,4,149.60000000000002,1,1,0.0,0,0
146,68,1,141.77,4,2,0.0,0,0
147,145,3,117.19,4,1,0.0,0,0
148,286,2,120.75,4,2,0.0,0,0
149,4,38,2820.009999999999,2,1,0.0,0,0
150,92,22,1390.6199999999997,4,2,0.0,0,0
151,44,12,1364.2399999999998,4,1,0.0,0,0
152,92,2,248.98,4,2,0.0,0,0
153,123,7,324.5,4,2,0.0,0,0
154,23,3,341.24,2,1,0.0,0,0
155,317,3,291.01,4,2,0.0,0,0
157,21,4,305.98,4,2,0.0,0,0
158,312,1,287.45,1,2,0.0,0,0
159,27,2,178.81,4,1,0.0,0,0
160,7,6,832.07,4,1,0.0,0,0
161,29,26,1432.2999999999997,4,1,0.0,0,0
162,7,28,2932.259999999999,2,1,0.0,0,0
163,669,1,35.62,2,1,0.0,0,0
164,37,3,151.75,4,1,0.0,0,0
166,41,1,124.31,4,1,0.0,0,0
167,80,8,2180.29,2,2,0.0,0,0
168,284,2,205.88,4,1,0.0,0,0
169,40,8,439.19,4,1,0.0,0,0
170,15,12,763.6999999999998,2,1,0.0,0,0
171,11,17,2996.0200000000004,4,1,0.0,0,0
172,79,3,425.65,4,2,0.0,0,0
173,14,13,3521.76,4,1,0.0,0,0
174,3,27,3202.2099999999996,4,2,0.0,0,0
176,172,2,70.88,3,1,0.0,0,0
177,65,2,106.85999999999999,1,2,0.0,0,0
178,157,3,231.53,4,1,0.0,0,0
179,88,4,479.09,4,1,0.0,0,0
180,97,7,769.74,2,1,0.0,0,0
181,52,7,464.84999999999997,4,2,0.0,0,0
183,92,5,517.2,4,1,0.0,0,0
184,311,4,203.73999999999998,4,1,0.0,0,0
185,27,7,965.29,4,1,0.0,0,0
186,19,4,376.15,2,1,0.0,0,0
188,77,10,793.25,2,1,0.0,0,0
189,69,6,281.03,2,1,0.0,0,0
190,276,4,212.3,2,2,0.0,0,0
191,25,6,713.1,4,1,0.0,0,0
192,14,8,1044.3700000000001,4,2,0.0,0,0
193,200,6,569.2,2,1,0.0,0,0
194,29,9,909.0199999999999,4,1,0.0,0,0
195,15,14,1747.1399999999999,2,1,0.0,0,0
196,153,4,460.91999999999996,4,2,0.0,0,0
197,69,3,135.36,4,1,0.0,0,0
198,83,25,2022.4899999999998,4,2,0.0,0,0
199,143,3,408.90999999999997,4,1,0.0,0,0
200,163,4,343.74,4,1,0.0,0,0
201,110,10,2818.9700000000003,4,1,0.0,0,0
202,73,12,1389.53,4,1,0.0,0,0
203,171,1,117.19,2,2,0.0,0,0
204,128,4,279.62,4,1,0.0,0,0
205,64,5,688.53,4,1,0.0,0,0
206,184,2,230.46,4,1,0.0,0,0
207,40,10,912.9399999999999,4,1,0.0,0,0
208,7,65,5454.849999999999,4,2,0.0,0,0
209,74,6,177.39,2,2,0.0,0,0
210,82,4,225.13000000000002,2,1,0.0,0,0
211,124,1,112.56,4,2,0.0,0,0
212,77,6,414.26,4,1,0.0,0,0
213,330,1,44.52,1,2,0.0,0,0
214,210,3,214.07999999999998,2,1,0.0,0,0
215,463,3,276.76,4,2,0.0,0,0
216,469,1,21.37,4,2,0.0,0,0
217,352,1,56.28,4,2,0.0,0,0
218,233,1,44.52,2,2,0.0,0,0
219,95,5,506.16999999999996,4,2,0.0,0,0
220,101,3,243.28,4,1,0.0,0,0
221,352,1,163.5,4,2,0.0,0,0
222,165,7,434.22,4,2,0.0,0,0
223,99,11,2303.1799999999994,4,1,0.0,0,0
224,46,2,222.27,2,1,0.0,0,0
225,286,1,70.88,2,2,0.0,0,0
226,42,15,2551.4599999999996,4,2,0.0,0,0
227,86,2,162.43,4,2,0.0,0,0
228,21,17,996.65,2,2,0.0,0,0
229,533,1,67.32,4,2,0.0,0,0
230,98,21,1907.81,4,1,0.0,0,0
231,38,11,571.3499999999999,2,1,0.0,0,0
232,136,12,600.18,4,1,0.0,0,0
233,1,82,8795.58,2,2,0.0,0,0
234,281,5,813.5600000000001,4,2,0.0,0,0
235,14,46,4060.300000000001,4,1,0.0,0,0
236,252,1,142.48,2,2,0.0,0,0
237,45,2,195.91,2,1,0.0,0,0
238,57,10,758.7,4,1,0.0,0,0
239,72,12,953.55,4,2,0.0,0,0
240,337,5,598.78,4,2,0.0,0,0
241,26,9,962.08,4,1,0.0,0,0
242,65,5,257.53,2,1,0.0,0,0
243,110,4,1955.5300000000002,2,2,0.0,0,0
244,123,2,148.89,4,1,0.0,0,0
245,26,33,3177.61,2,2,0.0,0,0
246,157,3,2159.28,4,1,0.0,0,0
247,364,1,59.49,4,2,0.0,0,0
248,33,6,342.65999999999997,4,1,0.0,0,0
249,105,8,841.0,2,2,0.0,0,0
250,110,11,635.48,1,2,0.0,0,0
251,27,9,1189.7099999999998,4,2,0.0,0,0
252,171,1,53.07,4,2,0.0,0,0
253,157,6,830.66,4,1,0.0,0,0
254,103,11,1112.0700000000002,4,2,0.0,0,0
255,21,2,148.54,4,2,0.0,0,0
256,30,4,219.06,1,2,0.0,0,0
257,23,4,406.77000000000004,4,2,0.0,0,0
258,331,2,84.41999999999999,2,1,0.0,0,0
259,80,10,1694.07,4,1,0.0,0,0
262,92,5,733.4100000000001,2,1,0.0,0,0
263,178,5,334.82,4,2,0.0,0,0
264,175,1,56.28,4,1,0.0,0,0
265,20,11,980.99,2,2,0.0,0,0
266,50,2,271.78,4,1,0.0,0,0
267,28,7,1663.46,4,2,0.0,0,0
268,163,4,818.18,2,1,0.0,0,0
269,138,6,421.38,4,1,0.0,0,0
270,352,4,488.35,4,1,0.0,0,0
271,1,2,532.16,4,1,0.0,0,0
273,73,3,241.14,4,2,0.0,0,0
274,25,7,726.65,2,1,0.0,0,0
275,116,6,386.84000000000003,4,1,0.0,0,0
276,107,6,532.87,4,1,0.0,0,0
277,132,13,639.3199999999999,2,1,0.0,0,0
278,98,1,163.14,4,2,0.0,0,0
279,124,4,269.28999999999996,1,1,0.0,0,0
280,352,1,102.94,1,2,0.0,0,0
281,139,4,269.99,4,2,0.0,0,0
282,214,2,152.46,4,2,0.0,0,0
283,123,7,456.29,2,1,0.0,0,0
287,152,3,222.99,2,2,0.0,0,0
288,435,2,131.44,4,1,0.0,0,0
289,11,4,343.74,4,1,0.0,0,0
293,134,8,643.65,2,1,0.0,0,0
294,548,1,35.62,4,1,0.0,0,0
297,356,2,25.29,2,1,0.0,0,0
298,40,3,269.28999999999996,4,1,0.0,0,0
299,144,2,284.24,4,1,0.0,0,0
300,7,3,293.15,4,1,0.0,0,0
301,344,1,70.88,4,2,0.0,0,0
302,4,7,2486.9700000000003,4,1,0.0,0,0
303,207,7,552.8199999999999,4,1,0.0,0,0
304,54,2,202.68,4,1,0.0,0,0
305,23,19,1657.0599999999997,4,1,0.0,0,0
306,179,3,433.85,4,1,0.0,0,0
307,17,5,463.04,4,2,0.0,0,0
309,9,7,1638.1599999999999,4,1,0.0,0,0
310,86,4,376.51,3,1,0.0,0,0
311,113,11,43725.18,4,2,29.0,4,3
312,24,2,106.5,4,2,0.0,0,0
313,129,3,215.85999999999999,4,1,0.0,0,0
314,44,3,114.34,2,1,0.0,0,0
315,596,1,124.31,4,1,0.0,0,0
316,30,2,272.5,4,1,0.0,0,0
317,171,2,161.36,4,1,0.0,0,0
318,73,5,696.72,4,1,0.0,0,0
319,79,15,1388.1100000000001,4,1,0.0,0,0
320,116,14,2573.1699999999996,4,1,0.0,0,0
321,165,4,518.6300000000001,4,2,0.0,0,0
322,190,1,35.62,4,2,0.0,0,0
323,103,3,213.72,4,2,0.0,0,0
324,18,21,2549.29,2,1,0.0,0,0
325,90,1,70.88,4,1,0.0,0,0
327,12,25,2976.4100000000003,4,1,0.0,0,0
328,50,14,1480.7299999999998,4,2,0.0,0,0
329,44,17,2650.8700000000003,2,1,0.0,0,0
330,268,4,135.35999999999999,4,2,0.0,0,0
331,164,3,203.75,4,2,0.0,0,0
332,14,5,188.78999999999996,4,2,0.0,0,0
333,227,1,117.19,4,1,0.0,0,0
334,37,1,24.58,4,1,0.0,0,0
335,14,7,334.13,4,1,0.0,0,0
336,318,1,70.88,2,1,0.0,0,0
337,129,1,28.5,4,2,0.0,0,0
338,175,2,66.61,2,1,0.0,0,0
339,31,5,660.39,4,2,0.0,0,0
340,60,4,156.01999999999998,4,1,0.0,0,0
342,36,5,585.6,1,2,0.0,0,0
344,72,4,217.27999999999997,4,1,0.0,0,0
345,12,4,216.20999999999998,4,1,0.0,0,0
346,79,7,691.3900000000001,4,2,0.0,0,0
347,664,1,102.94,4,1,0.0,0,0
348,52,1,53.43,4,1,0.0,0,0
349,13,31,6317.94,4,1,0.0,0,0
350,323,1,53.43,4,2,0.0,0,0
351,179,3,129.29,4,2,0.0,0,0
352,26,4,476.95000000000005,4,1,0.0,0,0
353,93,5,280.33,4,1,0.0,0,0
354,78,2,148.89,4,2,0.0,0,0
355,55,9,739.4799999999999,2,1,0.0,0,0
356,143,13,741.6299999999999,2,2,0.0,0,0
357,4,9,601.6199999999999,4,1,0.0,0,0
358,352,1,56.28,4,1,0.0,0,0
359,10,4,183.8,4,1,0.0,0,0
360,348,1,88.69,4,2,0.0,0,0
361,287,3,189.5,4,1,0.0,0,0
362,27,15,1891.7699999999998,1,1,0.0,0,0
363,55,11,1780.9700000000003,4,1,0.0,0,0
366,228,4,447.4,4,2,0.0,0,0
367,163,4,334.47,4,1,0.0,0,0
368,72,9,697.0699999999999,4,1,0.0,0,0
369,68,2,145.33,2,1,0.0,0,0
370,49,10,609.45,4,1,0.0,0,0
372,311,3,378.64,2,1,0.0,0,0
373,112,7,895.85,4,1,0.0,0,0
374,311,4,326.27,4,1,0.0,0,0
375,363,1,124.67,4,1,0.0,0,0
376,185,2,497.96,2,1,0.0,0,0
377,33,9,481.94,2,1,0.0,0,0
378,75,4,431.71,4,1,0.0,0,0
379,108,17,1226.03,4,1,0.0,0,0
380,159,1,102.59,3,2,0.0,0,0
381,329,1,70.88,4,1,0.0,0,0
382,20,10,1588.29,4,1,0.0,0,0
383,19,12,866.61,1,1,0.0,0,0
384,82,5,185.24,4,1,0.0,0,0
385,25,4,354.07,4,1,0.0,0,0
386,51,21,2187.42,4,1,0.0,0,0
387,18,9,735.91,4,2,0.0,0,0
388,220,1,21.37,3,2,0.0,0,0
389,5,6,237.59,4,1,0.0,0,0
390,146,8,875.8800000000001,4,1,0.0,0,0
391,9,8,581.3199999999999,4,1,0.0,0,0
392,114,1,63.05,4,1,0.0,0,0
393,94,2,102.94,4,1,0.0,0,0
394,52,7,332.33,4,2,0.0,0,0
395,110,3,190.22,4,1,0.0,0,0
396,77,13,870.9200000000001,4,2,0.0,0,0
397,317,2,143.91,2,1,0.0,0,0
398,292,3,166.71,4,1,0.0,0,0
399,112,10,1082.48,2,1,0.0,0,0
400,35,12,1181.86,4,1,0.0,0,0
401,8,7,2207.0099999999998,4,1,0.0,0,0
402,48,7,712.74,2,1,0.0,0,0
403,11,5,325.94,4,1,0.0,0,0
404,309,5,170.98,2,1,0.0,0,0
405,300,1,85.13,2,1,0.0,0,0
407,65,13,740.9000000000001,4,2,0.0,0,0
408,300,1,44.52,4,1,0.0,0,0
409,77,2,110.42,2,1,0.0,0,0
410,300,3,425.66,4,2,0.0,0,0
411,18,4,288.88,4,2,0.0,0,0
412,37,12,963.1600000000001,4,1,0.0,0,0
413,78,3,237.23,2,2,0.0,0,0
414,10,42,2643.4200000000005,4,1,0.0,0,0
415,87,1,21.02,4,2,0.0,0,0
416,325,2,219.42,4,1,0.0,0,0
418,108,9,995.9499999999999,2,1,0.0,0,0
419,157,4,1334.31,4,2,0.0,0,0
420,218,5,463.42,4,2,0.0,0,0
421,29,7,635.46,4,1,0.0,0,0
422,496,2,202.32,4,1,0.0,0,0
426,34,20,1711.1499999999999,4,2,0.0,0,0
427,37,31,2006.1099999999997,4,1,0.0,0,0
428,43,3,317.72999999999996,4,1,0.0,0,0
429,170,2,131.07999999999998,4,1,0.0,0,0
430,107,6,366.53000000000003,4,1,0.0,0,0
431,21,14,1345.3899999999999,2,1,0.0,0,0
432,40,14,1678.04,4,1,0.0,0,0
433,100,15,595.9299999999998,4,2,0.0,0,0
434,16,8,601.97,2,1,0.0,0,0
435,351,2,305.62,4,1,0.0,0,0
436,65,5,3085.7599999999998,4,1,0.0,0,0
437,51,6,318.09999999999997,2,2,0.0,0,0
438,69,2,391.11,2,1,0.0,0,0
439,131,3,268.57,2,1,0.0,0,0
440,35,3,121.46000000000001,2,1,0.0,0,0
441,338,4,407.85,4,1,0.0,0,0
442,58,5,430.64,4,1,0.0,0,0
443,41,3,283.88,4,1,0.0,0,0
444,78,5,735.5699999999999,2,1,0.0,0,0
445,131,2,266.08000000000004,4,2,0.0,0,0
446,81,19,1882.4999999999998,2,1,0.0,0,0
447,33,8,606.6,2,1,0.0,0,0
448,75,5,518.99,4,1,0.0,0,0
449,136,1,248.98,4,2,0.0,0,0
450,64,10,1321.5200000000004,4,1,0.0,0,0
451,39,5,474.81,4,1,0.0,0,0
452,12,34,2373.750000000001,4,1,0.0,0,0
454,193,1,36.69,4,2,0.0,0,0
456,21,12,1135.93,4,1,0.0,0,0
457,81,5,371.51,2,1,0.0,0,0
458,75,4,339.47,2,2,0.0,0,0
459,537,3,301.7,4,2,0.0,0,0
460,28,30,3277.0600000000004,4,1,0.0,0,0
461,17,19,1896.7799999999997,4,2,0.0,0,0
462,157,8,589.15,4,1,0.0,0,0
464,20,21,1900.6699999999998,4,1,0.0,0,0
466,123,3,255.75,2,1,0.0,0,0
467,110,11,787.1900000000002,4,2,0.0,0,0
469,125,10,763.34,2,1,0.0,0,0
470,87,3,295.29,4,1,0.0,0,0
473,88,3,294.94,4,1,0.0,0,0
474,156,2,85.13,4,2,0.0,0,0
475,263,1,127.88,4,2,0.0,0,0
476,298,2,159.22,3,2,0.0,0,0
477,34,5,496.89,3,1,0.0,0,0
478,38,6,392.89,1,1,0.0,0,0
479,68,9,650.76,4,2,0.0,0,0
480,191,4,423.15999999999997,4,1,0.0,0,0
481,57,2,52.72,2,2,0.0,0,0
482,63,5,287.81,4,2,0.0,0,0
483,270,1,78.01,1,1,0.0,0,0
484,153,3,248.26999999999998,4,1,0.0,0,0
486,182,3,264.66,4,2,0.0,0,0
487,57,2,341.24,4,2,0.0,0,0
488,41,2,277.12,2,1,0.0,0,0
489,140,2,241.5,2,1,0.0,0,0
490,19,32,3820.5799999999995,4,2,0.0,0,0
491,149,2,125.72999999999999,4,2,0.0,0,0
492,137,1,10.33,4,2,0.0,0,0
493,35,4,198.04999999999998,4,2,0.0,0,0
494,58,25,2225.1799999999994,4,1,0.0,0,0
495,175,4,330.55,2,2,0.0,0,0
496,172,2,63.76,4,2,0.0,0,0
497,30,2,91.9,4,1,0.0,0,0
498,131,5,753.7099999999999,4,1,0.0,0,0
499,31,9,750.15,4,1,0.0,0,0
500,352,3,144.98,4,1,0.0,0,0
501,13,37,2823.59,4,1,0.0,0,0
502,26,12,1011.6,4,1,0.0,0,0
503,79,2,177.38,4,2,0.0,0,0
504,23,11,1121.33,4,1,0.0,0,0
506,174,3,333.40999999999997,2,1,0.0,0,0
507,69,5,494.40999999999997,4,1,0.0,0,0
508,94,6,1481.08,4,1,0.0,0,0
509,163,1,71.24,4,1,0.0,0,0
510,89,15,1701.2199999999998,4,1,0.0,0,0
511,318,2,542.85,4,1,0.0,0,0
513,13,24,1619.2999999999995,4,1,0.0,0,0
514,324,1,138.56,4,1,0.0,0,0
515,31,22,1369.95,4,1,0.0,0,0
518,1,8,374.0,2,2,0.0,0,0
519,67,14,1101.04,4,2,0.0,0,0
520,10,5,727.71,4,1,0.0,0,0
521,46,4,224.05,4,2,0.0,0,0
522,58,3,173.82,2,1,0.0,0,0
524,68,11,915.7600000000001,4,1,0.0,0,0
525,2,5,903.3199999999999,4,1,0.0,0,0
526,73,9,592.01,4,2,0.0,0,0
527,295,3,188.78,4,1,0.0,0,0
528,39,11,1472.53,4,1,0.0,0,0
529,81,1,50.94,2,2,0.0,0,0
530,150,6,356.54999999999995,4,2,0.0,0,0
531,526,2,35.269999999999996,4,2,0.0,0,0
532,301,1,28.14,3,2,0.0,0,0
533,12,43,5198.37,4,1,0.0,0,0
534,313,2,126.1,2,1,0.0,0,0
535,7,8,360.13,4,2,0.0,0,0
536,150,3,337.67,4,2,0.0,0,0
537,62,6,305.61,4,1,0.0,0,0
538,3,25,2506.2400000000002,4,1,0.0,0,0
539,52,3,191.64,4,1,0.0,0,0
541,150,9,979.1999999999999,4,1,0.0,0,0
543,73,3,1551.6,4,1,0.0,0,0
544,88,2,60.199999999999996,2,1,0.0,0,0
545,150,1,124.31,4,1,0.0,0,0
546,74,6,499.4,4,1,0.0,0,0
547,150,1,56.64,4,2,0.0,0,0
548,7,2,148.89000000000001,2,2,0.0,0,0
549,153,1,35.62,2,1,0.0,0,0
550,13,12,986.6999999999999,2,1,0.0,0,0
551,20,2,126.81,4,1,0.0,0,0
552,5,13,1107.4299999999998,4,1,0.0,0,0
553,349,1,70.53,2,1,0.0,0,0
554,114,6,622.64,4,2,0.0,0,0
555,80,8,907.2399999999999,2,2,0.0,0,0
556,191,3,284.96,4,2,0.0,0,0
557,19,9,695.3100000000001,4,1,0.0,0,0
558,309,2,277.12,4,1,0.0,0,0
559,92,10,422.79999999999995,2,2,0.0,0,0
560,3,27,2506.93,4,1,0.0,0,0
561,58,8,578.47,4,2,0.0,0,0
563,101,3,177.75,4,2,0.0,0,0
564,97,2,96.53,4,1,0.0,0,0
565,129,7,328.07000000000005,4,1,0.0,0,0
566,75,11,857.01,4,1,0.0,0,0
567,26,17,1575.45,1,1,0.0,0,0
568,129,3,263.59,3,2,0.0,0,0
569,356,1,186.65,4,1,0.0,0,0
570,280,4,318.45,4,2,0.0,0,0
572,120,5,1083.56,4,2,0.0,0,0
573,1,6,852.7500000000001,4,2,0.0,0,0
574,137,2,85.14,4,2,0.0,0,0
576,36,3,141.39999999999998,4,1,0.0,0,0
577,174,9,1252.05,4,1,0.0,0,0
578,1,25,3160.1800000000007,4,2,0.0,0,0
579,100,6,252.18,4,1,0.0,0,0
580,200,5,611.59,2,2,0.0,0,0
582,297,1,124.31,4,2,0.0,0,0
583,100,2,136.42000000000002,4,2,0.0,0,0
585,30,6,324.15999999999997,2,1,0.0,0,0
586,23,21,3167.3100000000004,2,1,0.0,0,0
587,80,9,875.5400000000001,2,2,0.0,0,0
588,8,5,563.87,2,2,0.0,0,0
589,46,7,657.1999999999999,4,1,0.0,0,0
590,122,5,1521.33,2,1,0.0,0,0
591,122,1,88.69,4,2,0.0,0,0
593,42,12,574.89,4,1,0.0,0,0
594,22,5,447.73,4,1,0.0,0,0
595,34,12,567.44,2,1,0.0,0,0
596,19,23,1192.9299999999998,4,1,0.0,0,0
598,53,12,1176.1699999999998,4,1,0.0,0,0
599,166,4,308.82,4,2,0.0,0,0
600,281,5,692.79,2,1,0.0,0,0
601,168,4,284.59999999999997,4,2,0.0,0,0
602,281,1,138.56,2,1,0.0,0,0
603,141,4,354.40999999999997,4,2,0.0,0,0
604,9,2,213.72,4,2,0.0,0,0
605,32,29,3047.6200000000003,4,1,0.0,0,0
606,102,2,78.36,1,1,0.0,0,0
607,172,2,294.93,2,1,0.0,0,0
608,319,1,178.1,4,1,0.0,0,0
610,173,4,237.58999999999997,2,1,0.0,0,0
612,39,7,525.04,4,1,0.0,0,0
613,42,26,1926.3900000000006,2,1,0.0,0,0
614,77,2,301.70000000000005,3,2,0.0,0,0
616,374,1,152.81,2,2,0.0,0,0
617,2,6,680.34,4,1,0.0,0,0
618,56,2,78.0,3,2,0.0,0,0
619,72,9,445.61,4,1,0.0,0,0
620,156,5,507.58,4,1,0.0,0,0
622,96,17,1875.7499999999998,4,1,0.0,0,0
623,170,3,284.25,2,1,0.0,0,0
624,55,5,534.65,4,1,0.0,0,0
625,172,3,419.24,4,2,0.0,0,0
626,11,20,1232.3999999999999,4,1,0.0,0,0
627,43,60,5430.629999999999,4,1,0.0,0,0
628,157,10,844.56,4,1,0.0,0,0
629,283,2,611.24,4,2,0.0,0,0
630,2,3,234.38,4,1,0.0,0,0
631,138,3,493.69000000000005,4,1,0.0,0,0
632,20,7,873.41,4,1,0.0,0,0
633,10,3,128.95,4,1,0.0,0,0
634,139,4,300.27,4,1,0.0,0,0
635,78,3,376.5,2,2,0.0,0,0
636,93,4,277.13,2,1,0.0,0,0
637,3,728,73970.6500000001,4,1,0.0,0,3
638,46,5,521.47,4,1,0.0,0,0
639,83,6,507.59000000000003,2,2,0.0,0,0
640,93,3,113.27000000000001,4,1,0.0,0,0
641,43,5,622.27,4,1,0.0,0,0
642,76,1,112.92,4,1,0.0,0,0
643,8,3,277.12,4,1,0.0,0,0
644,141,10,775.4199999999998,1,1,0.0,0,0
645,195,3,193.06,4,2,0.0,0,0
646,308,3,266.79,4,2,0.0,0,0
647,126,4,427.09000000000003,4,1,0.0,0,0
649,50,7,441.70000000000005,4,1,0.0,0,0
650,483,2,248.63,4,1,0.0,0,0
651,153,4,411.05,4,1,0.0,0,0
652,13,3,84.78,4,2,0.0,0,0
653,168,2,273.91999999999996,4,1,0.0,0,0
654,349,1,71.24,2,2,0.0,0,0
655,2,9,618.73,4,1,0.0,0,0
656,68,8,900.13,4,1,0.0,0,0
657,8,11,1175.46,4,1,0.0,0,0
658,22,4,235.8,2,2,0.0,0,0
659,30,19,1908.1499999999994,1,2,0.0,0,0
661,4,303,34080.05000000001,2,2,0.0,0,3
662,296,1,159.93,4,1,0.0,0,0
663,89,2,127.87,2,1,0.0,0,0
664,30,8,1042.5900000000001,2,2,0.0,0,0
665,350,2,177.74,4,1,0.0,0,0
666,109,5,428.16,4,1,0.0,0,0
667,120,7,336.96,4,2,0.0,0,0
668,124,2,222.26000000000002,4,1,0.0,0,0
669,95,5,347.64,4,2,0.0,0,0
670,277,3,254.32999999999998,1,1,0.0,0,0
672,61,3,201.97,4,2,0.0,0,0
673,1,347,36152.04999999999,4,2,0.0,0,3
676,55,3,216.57,3,2,0.0,0,0
677,274,5,503.65999999999997,4,1,0.0,0,0
678,37,5,377.2,4,2,0.0,0,0
679,162,7,455.94,4,1,0.0,0,0
681,358,3,134.29000000000002,4,1,0.0,0,0
682,40,6,587.38,4,2,0.0,0,0
683,27,13,1038.68,4,1,0.0,0,0
684,165,8,503.32,2,1,0.0,0,0
685,163,2,119.69,1,1,0.0,0,0
686,19,7,556.02,4,1,0.0,0,0
687,170,6,313.09999999999997,4,1,0.0,0,0
688,60,14,774.04,4,2,0.0,0,0
689,186,4,159.57,2,1,0.0,0,0
690,668,1,35.62,4,2,0.0,0,0
691,144,7,1052.5500000000002,4,1,0.0,0,0
692,526,1,53.07,2,2,0.0,0,0
693,18,7,492.62999999999994,4,1,0.0,0,0
694,176,8,694.96,4,1,0.0,0,0
695,37,15,1439.0399999999997,4,1,0.0,0,0
696,84,5,271.04999999999995,4,1,0.0,0,0
697,699,1,141.77,4,1,0.0,0,0
698,54,4,309.19,4,1,0.0,0,0
699,105,14,912.58,4,2,0.0,0,0
700,43,5,179.18,4,2,0.0,0,0
701,340,3,180.95,4,1,0.0,0,0
702,97,3,148.53,4,2,0.0,0,0
703,134,10,2408.9900000000002,4,1,0.0,0,0
704,201,7,1784.55,2,1,0.0,0,0
705,204,8,1476.08,4,1,0.0,0,0
706,35,23,2171.02,4,1,0.0,0,0
708,204,4,425.65999999999997,4,1,0.0,0,0
709,86,6,609.81,4,2,0.0,0,0
710,277,1,106.86,4,1,0.0,0,0
711,72,15,1238.86,4,2,0.0,0,0
712,52,51,4622.339999999999,4,1,0.0,0,0
714,28,3,291.37,4,1,0.0,0,0
715,175,3,250.76999999999998,4,2,0.0,0,0
716,221,4,159.22999999999996,4,1,0.0,0,0
717,26,3,327.34,4,1,0.0,0,0
719,91,4,453.09,4,1,0.0,0,0
720,35,4,330.20000000000005,4,1,0.0,0,0
722,158,2,176.68,4,2,0.0,0,0
724,96,10,2781.229999999999,4,1,0.0,0,0
725,53,13,1206.08,4,1,0.0,0,0
726,22,3,255.76,2,1,0.0,0,0
727,84,5,360.48,2,2,0.0,0,0
728,101,2,348.36,4,2,0.0,0,0
729,6,5,350.86,4,1,0.0,0,0
730,209,2,70.17999999999999,4,1,0.0,0,0
732,334,2,393.6,4,1,0.0,0,0
733,5,27,3325.0999999999985,1,2,0.0,0,0
734,218,2,206.6,2,1,0.0,0,0
735,127,7,527.54,4,1,0.0,0,0
736,55,9,635.47,4,1,0.0,0,0
737,175,4,267.5,4,1,0.0,0,0
738,59,2,356.2,4,1,0.0,0,0
739,13,19,2457.7899999999995,2,2,0.0,0,0
740,6,7,516.13,4,1,0.0,0,0
741,219,2,127.52,4,2,0.0,0,0
742,197,1,81.57,2,1,0.0,0,0
743,225,1,56.28,4,1,0.0,0,0
744,181,5,319.15,4,1,0.0,0,0
745,83,6,593.79,4,1,0.0,0,0
746,304,2,284.59999999999997,4,1,0.0,0,0
747,85,9,1675.2000000000003,4,2,0.0,0,0
748,9,25,3281.2899999999995,4,1,0.0,0,0
749,35,5,740.1800000000001,2,1,0.0,0,0
750,37,14,766.18,4,1,0.0,0,0
751,6,12,2353.4199999999996,4,1,0.0,0,0
752,55,8,408.56,4,1,0.0,0,0
753,123,3,287.45,4,1,0.0,0,0
754,279,2,151.02,4,1,0.0,0,0
755,83,4,274.99,4,1,0.0,0,0
756,63,6,470.88,2,1,0.0,0,0
757,204,3,219.76999999999998,1,2,0.0,0,0
758,1,339,36005.70000000003,4,1,0.0,0,3
759,74,1,56.28,4,1,0.0,0,0
760,11,8,1379.18,4,1,0.0,0,0
761,27,1,138.56,4,2,0.0,0,0
762,43,3,159.22,4,1,0.0,0,0
763,54,4,197.32999999999998,4,2,0.0,0,0
764,189,2,227.60999999999999,4,1,0.0,0,0
765,362,1,31.7,3,2,0.0,0,0
766,481,4,299.92,4,1,0.0,0,0
767,73,17,1462.91,4,1,0.0,0,0
768,109,2,148.89,4,1,0.0,0,0
769,42,6,509.0,1,1,0.0,0,0
770,338,2,296.0,4,2,0.0,0,0
771,37,2,142.48,4,1,0.0,0,0
772,88,9,2178.87,4,2,0.0,0,0
773,443,2,163.13,4,1,0.0,0,0
774,296,2,102.94,2,1,0.0,0,0
775,141,1,35.26,4,1,0.0,0,0
776,134,7,743.04,2,2,0.0,0,0
778,5,4,35.61,4,2,0.0,0,0
779,26,12,1009.8199999999999,4,1,0.0,0,0
780,70,4,456.29,4,2,0.0,0,0
781,4,24,2049.92,4,1,0.0,0,0
782,23,10,729.8499999999999,4,1,0.0,0,0
783,37,9,1466.8399999999997,4,2,0.0,0,0
784,49,11,1956.2500000000002,4,1,0.0,0,0
785,111,5,535.72,4,1,0.0,0,0
787,78,17,1249.2,3,2,0.0,0,0
789,4,6,981.3399999999999,2,1,0.0,0,0
790,298,3,407.49,4,1,0.0,0,0
791,43,8,571.0,3,2,0.0,0,0
792,39,23,3996.9199999999996,4,1,0.0,0,0
793,131,3,382.55999999999995,2,1,0.0,0,0
794,17,1,99.02,4,2,0.0,0,0
795,123,2,138.56,4,1,0.0,0,0
797,290,2,397.87,4,1,0.0,0,0
798,295,1,24.58,4,1,0.0,0,0
799,77,7,794.3299999999999,4,1,0.0,0,0
800,55,9,1030.49,4,1,0.0,0,0
801,89,5,668.9399999999999,4,1,0.0,0,0
802,319,4,135.35,4,2,0.0,0,0
803,548,1,35.62,4,2,0.0,0,0
804,82,2,213.0,4,2,0.0,0,0
805,2,7,442.75999999999993,4,2,0.0,0,0
807,115,9,516.8499999999999,2,2,0.0,0,0
808,4,29,2464.92,4,2,0.0,0,0
809,66,6,481.22,2,2,0.0,0,0
810,45,8,732.34,4,1,0.0,0,0
811,101,13,538.9399999999999,4,2,0.0,0,0
812,351,2,120.03999999999999,2,2,0.0,0,0
813,38,5,444.90999999999997,4,1,0.0,0,0
814,108,7,275.34,4,2,0.0,0,0
815,180,2,141.76,4,2,0.0,0,0
816,569,1,89.05,2,2,0.0,0,0
817,74,9,706.0,4,1,0.0,0,0
819,100,3,135.0,3,2,0.0,0,0
820,169,7,499.75,3,1,0.0,0,0
821,120,4,177.01999999999998,2,1,0.0,0,0
823,339,3,277.12,4,1,0.0,0,0
824,355,2,139.63,4,1,0.0,0,0
825,356,1,28.14,4,2,0.0,0,0
826,335,3,727.36,4,1,0.0,0,0
827,1,1,59.49,1,2,0.0,0,0
828,3,7,970.65,2,1,0.0,0,0
829,127,6,375.45,4,1,0.0,0,0
830,554,1,17.81,4,1,0.0,0,0
831,12,11,905.09,4,1,0.0,0,0
832,20,8,760.49,2,2,0.0,0,0
833,7,15,1347.1499999999999,4,1,0.0,0,0
834,348,2,74.09,4,1,0.0,0,0
835,37,24,2389.7400000000007,4,1,0.0,0,0
836,81,1,106.86,1,2,0.0,0,0
837,12,7,418.88,1,1,0.0,0,0
839,19,4,333.40999999999997,4,1,0.0,0,0
840,192,3,63.75999999999999,4,1,0.0,0,0
841,122,3,276.77,4,1,0.0,0,0
842,93,17,1136.6200000000003,4,1,0.0,0,0
843,175,6,795.4000000000001,4,1,0.0,0,0
844,147,6,441.33,4,1,0.0,0,0
846,133,4,298.14,4,2,0.0,0,0
847,144,1,44.88,4,2,0.0,0,0
848,10,25,1678.38,2,1,0.0,0,0
849,90,2,72.31,4,2,0.0,0,0
850,460,1,1424.44,4,2,0.0,0,0
851,67,6,499.74999999999994,2,1,0.0,0,0
852,139,14,1078.2100000000003,2,1,0.0,0,0
853,96,2,116.13,4,2,0.0,0,0
854,339,3,302.4,4,2,0.0,0,0
855,327,1,45.95,4,1,0.0,0,0
857,102,2,115.75999999999999,4,1,0.0,0,0
858,522,1,142.12,2,2,0.0,0,0
859,4,11,808.93,4,1,0.0,0,0
861,37,15,1133.04,4,1,0.0,0,0
863,29,8,645.7900000000001,2,2,0.0,0,0
864,321,2,141.76999999999998,4,1,0.0,0,0
865,130,12,1190.0799999999997,4,1,0.0,0,0
866,297,2,142.84,4,2,0.0,0,0
867,94,3,415.68,2,1,0.0,0,0
869,174,2,158.15,4,2,0.0,0,0
870,310,3,184.51999999999998,2,1,0.0,0,0
871,66,12,836.71,4,1,0.0,0,0
872,501,1,49.51,4,1,0.0,0,0
873,186,3,350.5,1,1,0.0,0,0
874,239,3,1435.8399999999997,4,1,0.0,0,0
875,52,26,1870.02,4,1,0.0,0,0
876,81,14,1068.9499999999998,4,1,0.0,0,0
877,60,3,136.42000000000002,2,1,0.0,0,0
878,63,10,639.01,2,1,0.0,0,0
879,65,9,1395.5900000000001,4,1,0.0,0,0
880,145,10,712.0100000000001,4,1,0.0,0,0
881,154,4,174.55,4,2,0.0,0,0
882,122,2,196.97,4,1,0.0,0,0
883,90,2,153.17000000000002,4,2,0.0,0,0
884,47,5,501.16999999999996,2,2,0.0,0,0
885,1,250,22285.84999999998,4,1,0.0,0,0
886,36,12,1342.88,4,1,0.0,0,0
887,193,1,142.48,4,1,0.0,0,0
888,259,4,341.24,4,1,0.0,0,0
889,166,3,168.48,4,1,0.0,0,0
890,2,425,47002.609999999964,4,1,0.0,0,3
891,127,14,985.95,4,1,0.0,0,0
892,92,11,2771.9600000000005,4,1,0.0,0,0
893,53,1,35.62,4,2,0.0,0,0
894,6,12,1129.15,4,1,0.0,0,0
895,65,5,417.46999999999997,4,1,0.0,0,0
896,113,3,486.57,4,1,0.0,0,0
898,50,19,1056.1399999999999,4,1,0.0,0,0
899,82,4,455.94,4,1,0.0,0,0
900,306,6,496.19000000000005,1,1,0.0,0,0
901,19,25,1569.0500000000002,4,1,0.0,0,0
902,141,3,587.01,4,1,0.0,0,0
903,457,1,89.05,4,2,0.0,0,0
904,22,15,1131.65,2,1,0.0,0,0
905,72,7,1248.4699999999998,4,1,0.0,0,0
906,72,2,241.5,4,2,0.0,0,0
909,132,7,494.76,4,1,0.0,0,0
911,55,15,3708.389999999999,4,2,0.0,0,0
913,310,3,166.7,4,2,0.0,0,0
914,63,5,346.24,2,2,0.0,0,0
915,177,5,205.87,2,2,0.0,0,0
916,213,2,116.48,4,2,0.0,0,0
917,212,4,218.72000000000003,2,1,0.0,0,0
918,15,9,1530.23,4,1,0.0,0,0
919,293,3,284.24,4,2,0.0,0,0
920,4,11,944.99,4,2,0.0,0,0
922,11,11,1093.89,4,1,0.0,0,0
923,109,1,60.2,4,1,0.0,0,0
924,183,7,632.25,4,2,0.0,0,0
926,129,4,272.84999999999997,4,1,0.0,0,0
927,10,46,4603.82,1,1,0.0,0,0
928,151,6,417.45,2,1,0.0,0,0
929,142,3,73.37,4,1,0.0,0,0
930,131,3,219.42000000000002,2,1,0.0,0,0
931,120,6,471.25,2,1,0.0,0,0
933,176,5,394.32,4,1,0.0,0,0
934,10,23,1974.46,4,1,0.0,0,0
935,146,9,614.09,2,1,0.0,0,0
936,58,17,1506.68,4,1,0.0,0,0
937,310,2,380.41999999999996,2,1,0.0,0,0
938,160,2,189.85,1,2,0.0,0,0
939,131,7,472.67999999999995,2,1,0.0,0,0
940,181,4,207.31,4,1,0.0,0,0
942,68,24,1877.53,4,1,0.0,0,0
943,100,2,148.89,4,2,0.0,0,0
944,261,1,90.12,2,1,0.0,0,0
945,21,8,620.8800000000001,2,1,0.0,0,0
946,328,1,1212.15,4,1,0.0,0,0
947,39,10,2515.84,4,1,0.0,0,0
948,25,9,655.3999999999999,4,2,0.0,0,0
949,140,7,601.96,4,1,0.0,0,0
950,296,3,94.38999999999999,4,1,0.0,0,0
951,81,8,780.79,4,1,0.0,0,0
952,364,3,190.92000000000002,4,1,0.0,0,0
953,106,3,169.91,2,2,0.0,0,0
954,123,3,170.98,2,2,0.0,0,0
955,302,3,177.39,2,1,0.0,0,0
957,44,18,1807.35,4,1,0.0,0,0
958,54,5,383.98,2,1,0.0,0,0
959,150,6,405.34999999999997,2,1,0.0,0,0
960,61,1,14.25,4,2,0.0,0,0
962,112,9,987.73,4,1,0.0,0,0
963,123,15,1054.71,4,2,0.0,0,0
964,52,12,2680.7500000000005,4,1,0.0,0,0
965,283,3,216.21999999999997,1,1,0.0,0,0
967,6,4,278.2,2,1,0.0,0,0
968,276,18,2074.14,1,2,0.0,0,0
969,138,4,404.99,4,2,0.0,0,0
970,7,2,262.88,4,2,0.0,0,0
971,49,7,569.21,1,1,0.0,0,0
973,186,6,592.72,4,2,0.0,0,0
974,310,3,187.0,4,1,0.0,0,0
975,533,1,118.97,4,1,0.0,0,0
977,16,11,714.1800000000001,4,1,0.0,0,0
978,644,2,266.44,4,1,0.0,0,0
979,114,1,60.2,4,2,0.0,0,0
980,321,1,53.07,4,1,0.0,0,0
982,35,2,251.84,4,1,0.0,0,0
983,85,4,597.6999999999999,4,1,0.0,0,0
984,51,5,303.83,4,2,0.0,0,0
985,25,3,237.23,1,1,0.0,0,0
987,39,8,431.71,4,1,0.0,0,0
988,67,7,426.7199999999999,4,1,0.0,0,0
989,117,9,623.36,4,2,0.0,0,0
992,136,1,35.62,2,2,0.0,0,0
993,92,4,524.7,4,2,0.0,0,0
994,75,5,445.61,4,1,0.0,0,0
995,28,7,710.25,4,1,0.0,0,0
997,34,7,494.04999999999995,1,1,0.0,0,0
998,16,15,891.21,2,2,0.0,0,0
999,342,2,83.71000000000001,4,1,0.0,0,0
1000,340,2,195.55,4,1,0.0,0,0
1001,325,3,549.62,3,1,0.0,0,0
1002,319,2,64.47,4,2,0.0,0,0
1003,70,2,273.56,4,1,0.0,0,0
1004,28,5,366.88,4,1,0.0,0,0
1005,50,27,2059.15,1,2,0.0,0,0
1006,71,3,344.81,4,2,0.0,0,0
1007,148,7,641.52,4,2,0.0,0,0
1011,108,11,622.9699999999999,4,1,0.0,0,0
1012,144,10,1141.98,4,2,0.0,0,0
1014,95,7,946.77,3,1,0.0,0,0
1015,33,4,337.32,1,1,0.0,0,0
1016,277,1,53.43,4,2,0.0,0,0
1017,287,11,878.02,4,2,0.0,0,0
1018,82,4,527.88,4,2,0.0,0,0
1019,40,1,89.05,2,1,0.0,0,0
1020,303,1,117.19,4,1,0.0,0,0
1021,290,1,49.16,4,1,0.0,0,0
1022,84,6,1256.6799999999998,4,1,0.0,0,0
1023,28,13,658.97,4,1,0.0,0,0
1024,151,2,163.14,2,1,0.0,0,0
1025,15,16,461.99,2,1,0.0,0,0
1026,10,25,2290.02,4,1,0.0,0,0
1027,183,2,155.31,4,1,0.0,0,0
1028,9,5,501.53000000000003,2,2,0.0,0,0
1029,26,6,536.0899999999999,3,2,0.0,0,0
1031,283,4,425.66999999999996,1,1,0.0,0,0
1032,27,4,610.88,3,2,0.0,0,0
1033,94,15,1392.7399999999998,1,1,0.0,0,0
1034,160,7,290.3,2,2,0.0,0,0
1035,206,5,416.04,4,1,0.0,0,0
1036,71,6,495.47,4,1,0.0,0,0
1038,87,1,106.5,4,2,0.0,0,0
1039,355,1,89.05,4,2,0.0,0,0
1041,16,2,87.99000000000001,4,2,0.0,0,0
1042,9,8,861.3,4,2,0.0,0,0
1043,125,8,321.28999999999996,4,1,0.0,0,0
1044,1,772,78070.53000000017,4,2,0.0,0,3
1045,168,3,298.5,4,1,0.0,0,0
1046,91,8,754.4300000000001,4,1,0.0,0,0
1047,63,3,203.75,2,1,0.0,0,0
1048,185,3,554.6,2,2,0.0,0,0
1049,148,1,42.39,4,1,0.0,0,0
1051,319,1,71.24,4,1,0.0,0,0
1052,52,10,824.6,3,1,0.0,0,0
1053,525,3,277.13,4,1,0.0,0,0
1054,319,2,71.24,1,2,0.0,0,0
1055,9,13,994.8399999999998,4,1,0.0,0,0
1056,13,16,761.9000000000001,1,2,0.0,0,0
1057,310,3,269.29,1,1,0.0,0,0
1058,118,5,616.22,4,1,0.0,0,0
1059,128,2,130.73,1,1,0.0,0,0
1060,125,9,401.78000000000003,4,2,0.0,0,0
1061,86,3,177.03,1,1,0.0,0,0
1062,56,12,1564.07,2,1,0.0,0,0
1063,84,3,163.5,4,1,0.0,0,0
1064,29,29,3875.5,4,1,0.0,0,0
1065,173,5,368.66,4,2,0.0,0,0
1067,51,3,220.13,4,1,0.0,0,0
1068,60,28,4450.380000000002,4,1,0.0,0,0
1069,288,1,284.6,4,2,0.0,0,0
1070,66,10,757.28,2,1,0.0,0,0
1071,12,5,394.31,4,1,0.0,0,0
1072,349,2,168.83999999999997,4,1,0.0,0,0
1073,74,5,345.16,4,1,0.0,0,0
1076,1,115,15886.460000000001,4,1,0.0,0,0
1077,50,3,127.17,2,2,0.0,0,0
1078,124,2,234.38,4,2,0.0,0,0
1079,50,7,727.71,4,1,0.0,0,0
1080,36,5,300.63,4,2,0.0,0,0
1081,103,4,156.01,4,2,0.0,0,0
1082,10,38,4316.41,4,1,0.0,0,0
1083,136,5,412.47999999999996,1,1,0.0,0,0
1084,116,8,618.0200000000001,1,2,0.0,0,0
1085,111,1,63.76,4,2,0.0,0,0
1086,33,10,448.81999999999994,4,1,0.0,0,0
1087,173,1,13.18,4,2,0.0,0,0
1089,53,5,138.20000000000002,4,1,0.0,0,0
1090,415,2,127.88,4,2,0.0,0,0
1091,7,12,902.9700000000001,4,1,0.0,0,0
1092,92,3,390.75,2,2,0.0,0,0
1093,117,9,699.9300000000001,2,1,0.0,0,0
1094,9,3,226.19,2,1,0.0,0,0
1095,72,16,1080.0000000000002,2,1,0.0,0,0
1097,13,8,1804.86,4,1,0.0,0,0
1098,134,3,340.88,4,1,0.0,0,0
1099,170,1,159.93,4,2,0.0,0,0
1100,282,3,169.20000000000002,2,2,0.0,0,0
1101,208,4,449.53000000000003,4,2,0.0,0,0
1102,281,2,104.01,4,1,0.0,0,0
1103,27,11,450.59999999999997,1,2,0.0,0,0
1104,65,6,693.51,4,2,0.0,0,0
1105,55,3,193.76999999999998,4,1,0.0,0,0
1106,134,6,385.05999999999995,4,1,0.0,0,0
1107,340,1,118.97,4,1,0.0,0,0
1108,22,3,74.8,1,2,0.0,0,0
1110,91,10,1364.21,4,2,0.0,0,0
1111,151,2,77.3,4,2,0.0,0,0
1112,164,4,273.21,4,2,0.0,0,0
1113,127,3,247.92,2,1,0.0,0,0
1114,107,4,247.92000000000002,4,2,0.0,0,0
1115,3,3,267.15,4,2,0.0,0,0
1116,72,4,275.34,2,2,0.0,0,0
1117,11,4,330.19,4,2,0.0,0,0
1118,157,5,287.09,2,1,0.0,0,0
1119,275,3,244.0,4,2,0.0,0,0
1120,146,4,326.64,2,2,0.0,0,0
1121,47,8,826.03,1,2,0.0,0,0
1122,70,8,681.04,4,2,0.0,0,0
1123,426,2,236.16,4,2,0.0,0,0
1124,75,7,663.96,4,1,0.0,0,0
1125,214,4,652.21,4,2,0.0,0,0
1126,162,3,181.3,4,2,0.0,0,0
1127,518,2,141.76,4,2,0.0,0,0
1128,337,1,160.29,2,2,0.0,0,0
1129,4,238,30386.93,4,2,0.0,0,3
1130,80,6,374.72,4,2,0.0,0,0
1131,73,2,131.07999999999998,4,2,0.0,0,0
1132,509,1,35.62,2,1,0.0,0,0
1133,159,5,476.6,4,2,0.0,0,0
1134,2,4,427.08,4,2,0.0,0,0
1135,83,6,654.69,4,2,0.0,0,0
1136,1,38,3058.36,4,2,0.0,0,0
1137,283,6,1901.3899999999999,4,2,0.0,0,0
1138,320,1,56.64,3,1,0.0,0,0
1139,125,4,250.76,4,2,0.0,0,0
1140,82,4,373.28999999999996,3,2,0.0,0,0
1141,6,12,1580.4700000000003,4,2,0.0,0,0
1142,244,5,636.88,4,2,0.0,0,0
1143,130,3,220.49,4,1,0.0,0,0
1144,32,9,662.17,1,1,0.0,0,0
1145,29,37,3289.82,4,1,0.0,0,0
1146,54,13,677.13,2,1,0.0,0,0
1147,46,3,218.7,4,2,0.0,0,0
1148,241,1,88.69,4,2,0.0,0,0
1151,47,2,199.12,4,1,0.0,0,0
1152,198,14,1258.8,4,1,0.0,0,0
1153,139,1,355.84,4,1,0.0,0,0
1154,153,6,859.51,4,1,0.0,0,0
1155,111,4,554.25,4,2,0.0,0,0
1156,109,5,803.58,4,1,0.0,0,0
1157,10,11,1061.12,4,2,0.0,0,0
1158,76,5,287.45,2,1,0.0,0,0
1159,41,7,455.59000000000003,4,1,0.0,0,0
1161,5,3,433.85,1,1,0.0,0,0
1163,50,5,347.29,2,2,0.0,0,0
1164,106,1,45.95,1,1,0.0,0,0
1165,204,4,266.78000000000003,4,2,0.0,0,0
1166,101,13,1386.6899999999998,4,1,0.0,0,0
1167,26,18,869.8500000000001,4,1,0.0,0,0
1168,35,6,201.96,4,1,0.0,0,0
1169,179,3,479.44,4,2,0.0,0,0
1170,29,3,177.38,2,1,0.0,0,0
1171,68,3,173.82999999999998,4,2,0.0,0,0
1172,102,2,116.13,4,1,0.0,0,0
1173,17,5,337.67,4,2,0.0,0,0
1174,47,3,219.77,3,2,0.0,0,0
1177,53,2,170.26999999999998,3,2,0.0,0,0
1178,118,9,732.35,4,1,0.0,0,0
1179,1,34,3853.3399999999997,4,1,0.0,0,0
1181,335,1,21.37,4,1,0.0,0,0
1182,4,27,4014.0199999999986,1,1,0.0,0,0
1183,55,10,1424.4300000000003,4,2,0.0,0,0
1184,13,17,1382.04,2,1,0.0,0,0
1186,80,5,614.8,4,2,0.0,0,0
1187,22,7,207.66,1,1,0.0,0,0
1188,151,2,130.73,4,1,0.0,0,0
1189,69,1,70.88,4,2,0.0,0,0
1190,388,2,57.7,2,1,0.0,0,0
1191,31,4,262.15999999999997,2,2,0.0,0,0
1192,22,11,1237.79,4,2,0.0,0,0
1193,120,4,300.99,4,1,0.0,0,0
1194,147,4,268.58,1,1,0.0,0,0
1195,139,2,159.22,4,1,0.0,0,0
1197,66,5,2107.9900000000002,1,2,0.0,0,0
1198,13,2,213.72,2,1,0.0,0,0
1199,112,5,441.34000000000003,4,1,0.0,0,0
1200,127,4,250.41000000000003,4,1,0.0,0,0
1201,283,2,65.89,2,1,0.0,0,0
1202,59,3,193.06,1,1,0.0,0,0
1203,4,7,385.76000000000005,4,1,0.0,0,0
1204,62,5,532.87,1,2,0.0,0,0
1205,53,5,504.38000000000005,4,1,0.0,0,0
1206,17,17,2162.1200000000003,4,1,0.0,0,0
1207,50,5,371.87,4,2,0.0,0,0
1208,32,3,127.52000000000001,4,1,0.0,0,0
1209,171,5,626.55,4,1,0.0,0,0
1210,37,11,800.02,2,1,0.0,0,0
1211,527,1,55.92,4,1,0.0,0,0
1212,15,2,103.3,2,2,0.0,0,0
1214,177,1,95.11,4,1,0.0,0,0
1215,23,8,386.12999999999994,4,2,0.0,0,0
1216,361,4,456.64,2,1,0.0,0,0
1217,4,2,533.58,2,1,0.0,0,0
1218,142,2,391.46,3,1,0.0,0,0
1219,13,66,4022.2199999999993,4,2,0.0,0,0
1220,150,4,420.32,4,1,0.0,0,0
1222,134,3,179.53,4,1,0.0,0,0
1223,191,1,70.88,4,2,0.0,0,0
1224,6,14,1070.7299999999998,2,1,0.0,0,0
1225,2,154,11596.74,2,1,0.0,0,0
1226,4,40,3037.670000000001,1,1,0.0,0,0
1229,59,1,284.6,4,2,0.0,0,0
1230,39,5,414.25000000000006,4,1,0.0,0,0
1231,288,1,78.01,2,2,0.0,0,0
1232,42,10,978.1400000000001,4,2,0.0,0,0
1234,149,1,117.19,4,1,0.0,0,0
1235,139,4,163.49,3,1,0.0,0,0
1236,53,3,230.82,4,2,0.0,0,0
1237,353,4,307.76,4,2,0.0,0,0
1238,35,17,2062.73,2,1,0.0,0,0
1239,16,25,3762.6000000000004,4,1,0.0,0,0
1240,59,10,993.0799999999999,2,2,0.0,0,0
1241,16,10,806.08,4,2,0.0,0,0
1242,113,1,200.9,4,2,0.0,0,0
1243,330,1,106.5,4,1,0.0,0,0
1244,89,1,156.37,3,2,0.0,0,0
1245,167,5,418.53,2,2,0.0,0,0
1246,286,7,952.12,2,1,0.0,0,0
1248,9,96,23664.429999999997,4,1,0.0,0,0
1249,83,17,650.07,4,1,0.0,0,0
1250,87,8,543.91,4,1,0.0,0,0
1251,331,3,120.75,4,2,0.0,0,0
1252,165,5,351.93,2,1,0.0,0,0
1253,92,2,109.35,4,1,0.0,0,0
1254,28,18,1181.1899999999998,2,1,0.0,0,0
1255,15,5,56.98,4,1,0.0,0,0
1256,293,2,81.92999999999999,4,2,0.0,0,0
1257,175,4,243.65,2,1,0.0,0,0
1258,292,2,181.31,4,1,0.0,0,0
1259,103,8,624.08,4,1,0.0,0,0
1260,14,7,397.88,4,2,0.0,0,0
1261,1,305,39186.79000000003,1,2,0.0,0,3
1263,52,12,1082.12,4,1,0.0,0,0
1264,610,1,14.25,1,1,0.0,0,0
1265,130,5,142.10999999999999,4,2,0.0,0,0
1266,39,9,1025.1299999999999,4,2,0.0,0,0
1267,159,2,53.07,4,1,0.0,0,0
1268,62,4,156.37,4,2,0.0,0,0
1269,35,2,320.22,2,2,0.0,0,0
1270,13,16,1164.07,4,2,0.0,0,0
1271,126,11,1416.6000000000001,4,2,0.0,0,0
1273,86,6,529.32,2,2,0.0,0,0
1274,22,6,674.29,2,1,0.0,0,0
1275,213,2,133.20999999999998,4,2,0.0,0,0
1276,86,3,483.72,1,1,0.0,0,0
1278,550,1,35.62,4,2,0.0,0,0
1279,6,11,2951.47,4,1,0.0,0,0
1280,122,3,180.24,2,2,0.0,0,0
1281,115,6,432.42999999999995,4,2,0.0,0,0
1282,161,2,77.3,2,2,0.0,0,0
1283,655,1,85.13,2,2,0.0,0,0
1284,339,2,106.5,4,1,0.0,0,0
1285,170,6,1907.44,4,1,0.0,0,0
1286,14,7,478.39,2,2,0.0,0,0
1287,41,4,244.00000000000003,3,2,0.0,0,0
1288,58,1,56.64,1,2,0.0,0,0
1289,51,4,461.97999999999996,3,2,0.0,0,0
1290,11,7,480.84999999999997,1,2,0.0,0,0
1291,66,9,720.9499999999998,4,2,0.0,0,0
1292,28,9,622.3000000000001,2,1,0.0,0,0
1293,141,4,175.25,4,2,0.0,0,0
1294,66,1,62.33,3,2,0.0,0,0
1295,122,2,131.44,1,1,0.0,0,0
1297,253,2,124.31,4,2,0.0,0,0
1298,81,12,1236.0099999999998,2,1,0.0,0,0
1299,336,2,231.52999999999997,4,1,0.0,0,0
1300,1,2,216.57,4,2,0.0,0,0
1301,44,5,432.42,4,1,0.0,0,0
1304,94,3,283.9,1,2,0.0,0,0
1305,155,5,592.72,4,1,0.0,0,0
1306,98,4,266.07,4,1,0.0,0,0
1307,204,1,53.43,4,2,0.0,0,0
1308,311,3,190.22,4,2,0.0,0,0
1309,10,31,2037.4699999999996,2,1,0.0,0,0
1310,63,1,13.54,2,2,0.0,0,0
1311,358,4,562.08,4,1,0.0,0,0
1312,139,5,369.02,2,2,0.0,0,0
1314,82,4,411.41999999999996,4,2,0.0,0,0
1315,442,1,40.61,4,2,0.0,0,0
1316,38,12,920.4100000000001,2,1,0.0,0,0
1317,25,10,1151.2500000000002,1,2,0.0,0,0
1319,9,8,387.53999999999996,2,1,0.0,0,0
1320,80,2,92.25999999999999,2,2,0.0,0,0
1321,50,1,248.98,4,2,0.0,0,0
1322,39,2,267.15,4,2,0.0,0,0
1323,29,10,526.4499999999999,4,1,0.0,0,0
1324,136,4,532.52,4,1,0.0,0,0
1325,101,5,274.27,2,2,0.0,0,0
1327,297,3,213.71999999999997,2,1,0.0,0,0
1328,171,2,234.38,2,1,0.0,0,0
1330,154,4,489.76,4,2,0.0,0,0
1332,18,12,2050.64,1,1,0.0,0,0
1334,127,3,248.62,4,1,0.0,0,0
1335,33,15,2734.8900000000003,4,2,0.0,0,0
1336,10,17,1579.0400000000004,1,2,0.0,0,0
1337,210,10,1040.45,4,1,0.0,0,0
1338,102,4,240.43,4,2,0.0,0,0
1339,82,6,243.64,4,1,0.0,0,0
1340,134,1,78.01,4,2,0.0,0,0
1341,156,6,154.59,2,1,0.0,0,0
1343,66,21,1946.26,2,2,0.0,0,0
1344,342,1,142.12,2,1,0.0,0,0
1345,206,5,463.78,4,1,0.0,0,0
1346,146,14,1383.49,4,2,0.0,0,0
1347,9,13,1342.5200000000002,4,1,0.0,0,0
1348,259,2,180.95,4,2,0.0,0,0
1349,16,2,92.61,4,2,0.0,0,0
1350,23,4,494.40000000000003,4,1,0.0,0,0
1351,95,3,175.95999999999998,4,2,0.0,0,0
1352,128,4,561.37,4,1,0.0,0,0
1353,5,142,23243.389999999996,4,2,0.0,0,0
1354,9,3,547.48,4,2,0.0,0,0
1355,706,1,78.01,4,2,0.0,0,0
1356,142,6,991.3,2,2,0.0,0,0
1357,61,7,354.03999999999996,2,2,0.0,0,0
1359,86,2,159.22,4,1,0.0,0,0
1360,43,6,216.57000000000005,4,1,0.0,0,0
1361,32,3,199.10999999999999,2,1,0.0,0,0
1362,16,4,493.34000000000003,1,1,0.0,0,0
1364,109,6,1822.3099999999997,4,1,0.0,0,0
1365,50,2,151.02,2,1,0.0,0,0
1366,11,7,547.48,2,2,0.0,0,0
1367,82,4,164.20000000000002,1,2,0.0,0,0
1368,16,9,533.2299999999999,3,1,0.0,0,0
1369,72,9,745.18,4,2,0.0,0,0
1370,671,2,251.84,2,1,0.0,0,0
1371,90,3,138.2,4,2,0.0,0,0
1372,3,19,2090.5400000000004,4,2,0.0,0,0
1373,291,1,42.03,4,2,0.0,0,0
1374,172,3,201.95999999999998,2,1,0.0,0,0
1375,4,232,20499.630000000012,4,1,0.0,0,0
1377,16,7,990.23,2,1,0.0,0,0
1378,37,27,4530.43,2,2,0.0,0,0
1379,110,8,865.5600000000002,4,1,0.0,0,0
1381,45,6,588.8,2,2,0.0,0,0
1382,55,6,395.38000000000005,4,1,0.0,0,0
1383,174,4,193.77,2,2,0.0,0,0
1384,21,8,737.6800000000001,4,1,0.0,0,0
1385,35,13,959.6099999999999,1,2,0.0,0,0
1386,122,7,473.03000000000003,4,1,0.0,0,0
1387,12,13,738.05,4,2,0.0,0,0
1388,139,8,2006.83,4,2,0.0,0,0
1389,3,9,675.7,4,2,0.0,0,0
1390,136,8,486.57,2,1,0.0,0,0
1391,5,6,395.02,4,1,0.0,0,0
1392,15,12,788.63,4,1,0.0,0,0
1393,59,10,2328.11,2,1,0.0,0,0
1394,179,2,568.5,4,2,0.0,0,0
1395,380,1,1591.5,4,1,0.0,0,0
1396,81,7,477.66,2,2,0.0,0,0
1397,92,2,137.85,2,2,0.0,0,0
1398,37,6,752.28,4,1,0.0,0,0
1399,111,3,230.81,4,1,0.0,0,0
1400,122,5,362.97,1,2,0.0,0,0
1402,77,4,380.06,4,2,0.0,0,0
1403,62,5,511.14,2,1,0.0,0,0
1404,42,18,3399.5699999999997,2,1,0.0,0,0
1405,113,3,487.64,4,2,0.0,0,0
1406,5,50,3819.19,1,1,0.0,0,0
1407,80,12,858.78,4,1,0.0,0,0
1408,2,7,459.86,4,2,0.0,0,0
1409,175,3,198.4,4,1,0.0,0,0
1410,30,3,223.33999999999997,2,1,0.0,0,0
1411,326,2,133.57,4,2,0.0,0,0
1412,1,7,326.63,4,1,0.0,0,0
1413,34,3,148.89999999999998,4,1,0.0,0,0
1414,74,2,209.45,4,2,0.0,0,0
1415,27,9,540.01,2,2,0.0,0,0
1416,66,6,992.3699999999999,4,1,0.0,0,0
1417,14,5,356.2,2,1,0.0,0,0
1418,9,11,852.02,4,1,0.0,0,0
1419,79,8,959.24,2,1,0.0,0,0
1420,325,1,39.89,4,2,0.0,0,0
1423,288,1,56.64,4,2,0.0,0,0
1424,15,12,1068.57,4,1,0.0,0,0
1425,292,1,106.5,2,1,0.0,0,0
1426,519,1,92.26,1,2,0.0,0,0
1427,138,5,369.03,4,2,0.0,0,0
1428,36,6,416.03,1,2,0.0,0,0
1429,95,1,35.62,4,2,0.0,0,0
1430,37,17,1150.87,4,1,0.0,0,0
1431,40,18,1834.4099999999999,4,1,0.0,0,0
1432,42,10,628.3299999999999,4,1,0.0,0,0
1433,165,7,446.67999999999995,4,1,0.0,0,0
1434,33,8,479.1,4,1,0.0,0,0
1435,177,2,174.18,4,2,0.0,0,0
1436,110,1,120.4,2,2,0.0,0,0
1437,11,5,237.94000000000003,4,2,0.0,0,0
1438,60,7,585.5999999999999,4,2,0.0,0,0
1440,497,1,53.07,4,1,0.0,0,0
1441,90,7,451.66999999999996,1,1,0.0,0,0
1442,39,2,159.57999999999998,4,2,0.0,0,0
1444,28,11,2022.8400000000001,2,1,0.0,0,0
1445,207,1,74.45,2,1,0.0,0,0
1446,65,3,196.98,4,2,0.0,0,0
1447,545,2,130.73,4,2,0.0,0,0
1448,208,1,64.12,2,2,0.0,0,0
1449,92,23,1877.54,4,1,0.0,0,0
1450,122,9,528.6,4,2,0.0,0,0
1451,22,14,785.04,1,1,0.0,0,0
1452,128,5,650.4200000000001,4,1,0.0,0,0
1453,125,9,545.6999999999999,4,1,0.0,0,0
1454,65,7,486.21999999999997,4,1,0.0,0,0
1455,3,3,376.14,1,2,0.0,0,0
1457,283,3,98.67,4,2,0.0,0,0
1458,45,8,346.2300000000001,4,2,0.0,0,0
1459,135,2,487.64,2,2,0.0,0,0
1460,108,9,1018.02,4,2,0.0,0,0
1461,85,8,504.72999999999996,2,1,0.0,0,0
1462,278,1,142.12,4,1,0.0,0,0
1463,25,24,2063.46,4,1,0.0,0,0
1464,1,14,1253.4699999999998,1,1,0.0,0,0
1465,28,2,113.27000000000001,1,1,0.0,0,0
1466,136,4,331.26,2,1,0.0,0,0
1467,85,3,105.8,4,1,0.0,0,0
1468,198,1,118.97,4,1,0.0,0,0
1469,100,8,419.22999999999996,4,2,0.0,0,0
1470,85,8,510.07,1,1,0.0,0,0
1471,75,4,593.78,4,1,0.0,0,0
1472,41,10,905.82,1,2,0.0,0,0
1473,55,25,2085.19,4,2,0.0,0,0
1474,116,3,101.86999999999999,2,1,0.0,0,0
1475,28,34,2167.8399999999997,2,1,0.0,0,0
1476,327,1,59.49,4,2,0.0,0,0
1477,16,17,965.9999999999999,2,1,0.0,0,0
1479,10,3,268.58,4,2,0.0,0,0
1480,340,1,85.13,1,2,0.0,0,0
1481,37,9,551.74,2,2,0.0,0,0
1482,89,3,146.04999999999998,4,2,0.0,0,0
1484,263,2,401.79,2,2,0.0,0,0
1485,53,52,3194.4900000000002,4,2,0.0,0,0
1486,143,15,1047.58,2,1,0.0,0,0
1487,15,9,434.55999999999995,2,2,0.0,0,0
1488,214,1,60.2,2,1,0.0,0,0
1490,25,4,233.67000000000002,4,1,0.0,0,0
1491,38,14,877.69,4,1,0.0,0,0
1493,61,2,209.8,1,1,0.0,0,0
1494,35,12,914.3499999999999,4,1,0.0,0,0
1495,207,2,1136.28,2,1,0.0,0,0
1496,18,11,708.5000000000001,4,2,0.0,0,0
1498,18,2,159.93,1,2,0.0,0,0
1500,1,7,744.81,4,1,0.0,0,0
1501,37,1,89.05,4,2,0.0,0,0
1502,172,1,106.5,4,1,0.0,0,0
1504,64,4,373.65999999999997,4,1,0.0,0,0
1506,693,1,178.1,4,1,0.0,0,0
1507,209,7,414.98,1,1,0.0,0,0
1508,8,1,84.42,3,1,0.0,0,0
1509,1,8,922.5600000000001,4,1,0.0,0,0
1510,62,2,525.75,4,2,0.0,0,0
1511,200,5,572.4,4,2,0.0,0,0
1512,325,1,53.07,4,1,0.0,0,0
1514,200,1,24.58,4,1,0.0,0,0
1516,539,3,319.86,1,2,0.0,0,0
1517,65,2,78.00999999999999,2,2,0.0,0,0
1518,78,16,1646.34,4,2,0.0,0,0
1519,20,16,1807.7,4,1,0.0,0,0
1521,4,1,35.62,4,1,0.0,0,0
1522,230,3,381.13,4,2,0.0,0,0
1523,28,4,269.64,4,2,0.0,0,0
1524,1,29,1821.6000000000001,1,1,0.0,0,0
1525,285,2,129.65,4,2,0.0,0,0
1527,30,1,177.74,4,1,0.0,0,0
1528,251,3,575.9699999999999,4,1,0.0,0,0
1529,31,10,1065.04,4,1,0.0,0,0
1530,12,6,397.87,4,1,0.0,0,0
1531,167,8,627.26,4,2,0.0,0,0
1532,181,5,386.84,4,1,0.0,0,0
1533,77,2,327.0,4,1,0.0,0,0
1534,8,9,506.16,4,1,0.0,0,0
1535,173,1,118.97,4,2,0.0,0,0
1536,25,4,213.36,2,2,0.0,0,0
1537,122,6,410.7,2,2,0.0,0,0
1538,40,7,642.95,4,1,0.0,0,0
1539,195,1,42.39,4,2,0.0,0,0
1543,81,6,362.61,2,2,0.0,0,0
1544,195,5,246.14,4,1,0.0,0,0
1545,110,4,383.99,4,1,0.0,0,0
1546,190,4,382.56,4,1,0.0,0,0
1547,158,6,605.53,2,1,0.0,0,0
1548,11,3,125.72999999999999,4,2,0.0,0,0
1549,1,42,3512.4600000000014,1,1,0.0,0,0
1550,47,2,84.07,4,1,0.0,0,0
1551,10,2,298.14,4,1,0.0,0,0
1552,124,1,106.86,2,1,0.0,0,0
1553,151,4,228.67999999999998,4,2,0.0,0,0
1554,23,2,135.0,3,2,0.0,0,0
1555,7,42,3981.589999999999,4,2,0.0,0,0
1556,98,6,553.89,4,1,0.0,0,0
1557,326,1,7.12,3,1,0.0,0,0
1558,131,7,768.33,4,1,0.0,0,0
1559,326,1,35.62,4,1,0.0,0,0
1560,326,2,113.28,2,1,0.0,0,0
1561,326,1,35.26,2,2,0.0,0,0
1562,92,2,53.42999999999999,4,2,0.0,0,0
1563,114,9,810.7199999999999,4,2,0.0,0,0
1564,9,1,163.5,4,2,0.0,0,0
1565,262,1,177.74,4,1,0.0,0,0
1566,26,28,6331.12,4,1,0.0,0,0
1567,326,1,42.39,1,1,0.0,0,0
1568,28,10,897.9799999999999,2,1,0.0,0,0
1570,14,8,418.90999999999997,4,2,0.0,0,0
1571,168,1,85.13,2,2,0.0,0,0
1572,7,4,190.57,1,1,0.0,0,0
1573,136,16,1194.32,4,1,0.0,0,0
1574,47,9,556.03,4,1,0.0,0,0
1575,243,1,35.62,2,2,0.0,0,0
1576,136,6,457.36,2,1,0.0,0,0
1577,295,1,63.4,4,1,0.0,0,0
1578,161,4,247.21,4,1,0.0,0,0
1579,8,21,1967.2600000000002,2,1,0.0,0,0
1580,156,4,839.92,4,2,0.0,0,0
1581,83,11,701.3599999999999,4,2,0.0,0,0
1582,126,3,287.81,4,2,0.0,0,0
3404,451,6,22300.0,2,1,5.0,2,0
3412,372,7,20350.0,4,2,61.0,6,0
3623,520,7,54450.0,3,1,27.0,6,3
5104,368,7,20750.0,2,2,5.0,1,0
5106,393,3,8600.0,1,2,34.0,6,0
6006,393,8,23900.0,1,2,35.0,6,0
7401,493,5,11800.0,4,2,39.0,6,0
7415,476,12,33650.0,1,1,30.0,6,3
10101,452,10,20400.0,1,1,30.0,6,0
10104,384,17,42350.0,2,1,19.0,1,3
10117,359,20,46550.0,1,2,30.0,6,3
10119,388,23,72750.0,1,1,22.0,6,3
10120,349,16,43300.0,4,2,43.0,6,3
10124,468,10,48250.0,1,1,30.0,6,3
10201,369,16,36900.0,4,2,22.0,6,3
10704,369,17,48950.0,4,1,52.0,6,3
11703,361,20,68600.0,2,1,4.0,6,3
11807,448,14,36600.0,4,2,25.0,6,3
12405,346,5,23100.0,4,2,38.0,6,3
12710,649,2,4600.0,4,2,64.0,6,0
12825,363,10,66300.0,4,1,70.0,6,3
13102,345,8,78900.0,4,2,35.0,6,3
13103,375,7,15150.0,4,2,52.0,6,0
14008,397,11,59250.0,4,2,29.0,4,3
14010,424,2,4350.0,1,2,33.0,6,0
14102,699,1,1000.0,4,2,51.0,6,0
15106,368,7,36100.0,1,2,30.0,6,3
15120,531,7,23600.0,4,2,75.0,6,3
15706,375,6,32300.0,4,2,42.0,6,3
18302,499,6,50200.0,4,1,31.0,6,3
20752,646,1,950.0,4,2,78.0,6,0
20806,491,9,71200.0,4,2,33.0,6,3
20820,339,6,31850.0,1,2,33.0,6,3
21246,353,2,18500.0,4,1,38.0,6,3
21605,383,17,48000.0,2,1,30.0,6,3
21628,340,15,54750.0,2,1,34.0,6,3
21808,381,6,12000.0,1,2,31.0,6,0
22459,342,13,51100.0,4,2,49.0,6,3
23036,520,3,4800.0,4,2,36.0,6,0
23058,487,5,26400.0,4,2,31.0,6,3
23999,386,6,20800.0,4,2,35.0,6,3
24210,360,13,119600.0,4,2,48.0,6,5
25107,395,14,110350.0,4,1,40.0,6,5
25111,382,10,71900.0,4,1,40.0,6,3
26932,336,6,30250.0,1,2,27.0,6,3
26977,364,16,40250.0,1,2,30.0,6,3
28608,653,2,5900.0,4,2,36.0,6,0
29057,389,10,38600.0,4,2,20.0,6,3
30601,387,4,29800.0,4,2,40.0,6,3
30614,347,14,56350.0,1,1,34.0,6,3
30972,354,17,56750.0,4,2,37.0,6,3
31107,345,15,41800.0,1,2,29.0,6,3
31605,480,9,38450.0,4,2,41.0,6,3
32206,378,16,44350.0,1,2,26.0,6,3
32712,493,3,55000.0,4,2,35.0,5,3
32731,415,12,31650.0,2,2,48.0,6,3
33001,396,21,96450.0,2,2,0.0,4,5
33309,489,5,8100.0,2,2,47.0,6,1
33420,336,14,41450.0,1,2,0.0,4,3
33509,415,18,60200.0,4,2,45.0,6,3
33717,379,14,37150.0,4,2,47.0,6,3
33913,494,8,32700.0,4,1,30.0,6,3
33914,358,16,38850.0,4,2,60.0,6,3
33953,386,10,54150.0,4,2,41.0,6,3
34410,415,16,31150.0,1,1,34.0,6,3
34413,347,12,37500.0,1,2,34.0,6,3
35002,366,20,72150.0,4,2,45.0,6,2
35809,459,4,7800.0,1,1,31.0,6,1
35810,349,19,38750.0,1,2,33.0,6,3
36302,391,5,9150.0,4,2,68.0,6,1
37317,449,5,34050.0,4,2,31.0,6,3
37804,370,7,19900.0,4,1,48.0,6,1
37902,354,9,28700.0,4,1,37.0,6,1
38031,421,14,45800.0,4,2,30.0,6,3
38103,343,13,106900.0,4,2,40.0,6,5
38401,431,9,66650.0,4,1,30.0,6,2
38601,345,9,50500.0,4,1,30.0,6,3
38709,512,6,58500.0,4,1,10.0,6,2
38808,391,6,21850.0,2,1,32.0,6,1
39005,369,10,69100.0,4,1,30.0,6,2
40008,379,13,34950.0,4,2,40.0,6,4
41113,348,19,56450.0,2,2,50.0,6,2
41151,396,14,30400.0,4,1,45.0,6,4
41601,339,16,57850.0,4,2,41.0,6,2
41767,384,16,35700.0,4,1,40.0,6,4
41916,394,12,61000.0,4,2,34.0,6,2
42029,416,10,43050.0,4,1,30.0,6,4
42177,336,18,44200.0,2,2,48.0,6,4
42340,337,19,61400.0,1,2,34.0,6,2
42350,377,15,40100.0,4,1,37.0,6,4
42928,381,17,48400.0,2,1,37.0,6,4
43317,391,17,44750.0,1,1,34.0,6,4
43551,373,8,43950.0,2,1,39.0,6,4
43610,493,5,20000.0,2,1,42.0,6,1
45044,395,20,50650.0,2,1,38.0,6,4
45083,407,19,55900.0,1,1,30.0,6,2
45216,391,17,45500.0,4,2,46.0,6,4
46003,465,14,54450.0,4,1,30.0,6,2
46005,489,6,19650.0,4,1,30.0,6,1
46006,368,9,27350.0,4,1,30.0,6,1
46016,428,9,68950.0,4,1,30.0,6,2
46462,541,9,97450.0,4,1,30.0,6,5
46468,387,21,67750.0,4,1,49.0,6,2
46602,406,16,50300.0,2,2,41.0,6,4
46704,367,17,57050.0,4,2,63.0,6,2
46817,357,7,46500.0,4,1,30.0,6,4
46926,434,13,56550.0,4,1,30.0,6,2
47802,407,18,37200.0,4,2,48.0,6,4
47923,407,12,39050.0,2,1,20.0,6,4
48008,397,19,57850.0,4,2,50.0,6,2
48009,352,15,35550.0,2,2,37.0,6,4
48117,407,17,30050.0,1,1,20.0,6,4
48207,383,13,28050.0,2,1,44.0,6,1
48208,358,14,32950.0,1,1,33.0,6,4
48220,436,13,46850.0,2,1,43.0,6,4
48312,377,12,31550.0,2,2,41.0,6,4
48411,492,9,30550.0,4,1,44.0,6,4
48627,491,12,37000.0,2,1,43.0,6,4
48628,503,4,11750.0,4,1,43.0,6,1
48722,492,8,40050.0,4,2,38.0,6,4
48913,342,12,76550.0,4,1,24.0,4,2
49029,365,9,39850.0,4,2,32.0,6,4
49106,360,15,53300.0,4,1,42.0,6,2
49107,381,14,31000.0,4,1,43.0,6,4
49108,369,21,43250.0,1,1,35.0,6,4
49109,525,4,36100.0,4,2,37.0,6,4
49110,358,19,56750.0,4,2,46.0,6,2
49114,351,16,43250.0,4,1,38.0,6,4
49116,350,16,29300.0,2,1,45.0,6,1
49250,345,21,49550.0,1,2,33.0,6,4
49401,390,18,52050.0,4,2,48.0,6,4
49409,368,15,38400.0,2,1,39.0,6,4
49410,397,18,43450.0,1,1,33.0,6,4
49413,340,17,40650.0,4,2,43.0,6,4
49416,451,6,38900.0,4,1,47.0,6,4
49417,488,9,62100.0,4,2,38.0,6,2
49420,352,15,38350.0,1,1,34.0,6,4
49534,500,6,15850.0,4,1,47.0,6,1
49553,479,11,65650.0,4,1,22.0,6,2
49893,392,7,42800.0,4,2,32.0,6,4
50315,355,9,31250.0,4,1,30.0,6,4
50457,534,3,6000.0,4,2,32.0,6,1
50578,354,9,40150.0,4,2,46.0,6,4
50702,381,11,41850.0,2,2,20.0,6,4
50759,367,17,80900.0,4,2,49.0,6,2
51439,367,18,60500.0,4,1,39.0,6,2
51891,367,18,40600.0,1,1,30.0,6,4
52501,380,15,30850.0,4,1,38.0,6,4
52503,455,9,69500.0,4,2,37.0,6,2
52609,370,10,70050.0,2,2,38.0,6,2
53453,343,4,15500.0,4,1,45.0,6,1
53602,382,18,70250.0,1,2,34.0,6,2
54354,418,27,113050.0,2,1,20.0,6,5
54356,344,13,40350.0,4,2,47.0,6,4
54362,418,14,35650.0,2,2,48.0,6,4
54367,362,6,28900.0,4,2,36.0,6,1
54405,418,11,22550.0,4,1,42.0,6,1
54502,492,7,43150.0,4,2,35.0,6,4
54506,646,1,600.0,4,1,50.0,6,1
54704,395,10,43700.0,4,2,31.0,6,4
54732,393,9,24600.0,2,2,50.0,6,1
54735,339,11,74100.0,4,2,45.0,6,2
54904,383,5,30850.0,4,2,37.0,6,4
55002,505,7,16500.0,4,1,48.0,6,1
55004,350,10,71300.0,4,2,40.0,6,2
55102,359,15,46050.0,2,2,50.0,6,4
55103,387,5,25500.0,2,1,70.0,6,1
55105,336,17,52500.0,1,1,33.0,6,4
55739,370,12,92050.0,4,2,34.0,6,5
55911,353,13,29450.0,4,2,42.0,6,1
55953,383,8,25400.0,4,2,15.0,0,1
56009,346,10,47750.0,1,1,21.0,6,4
56014,519,6,61650.0,4,2,14.0,0,2
56102,376,9,18900.0,4,2,34.0,6,1
56103,375,12,41450.0,1,1,32.0,6,4
56107,418,16,52750.0,4,2,40.0,6,4
56261,339,6,21500.0,4,2,45.0,6,1
56262,352,11,60550.0,4,2,37.0,6,2
56263,373,9,38200.0,2,2,36.0,6,4
56265,418,11,72000.0,4,2,31.0,6,2
56267,472,6,30700.0,4,2,33.0,6,4
56268,377,10,33900.0,4,2,31.0,6,4
56269,366,11,55450.0,4,1,44.0,6,2
56270,477,9,57300.0,4,2,43.0,6,2
56277,351,14,51950.0,4,2,42.0,6,4
56282,698,1,600.0,4,1,49.0,6,1
56283,399,15,31450.0,4,1,37.0,6,4
56284,366,14,31150.0,1,1,31.0,6,4
56285,358,7,37900.0,4,2,47.0,6,4
56287,383,13,39150.0,1,1,35.0,6,4
56314,407,14,31950.0,4,2,44.0,6,4
56356,337,9,49500.0,4,2,46.0,6,4
56360,509,4,5950.0,4,1,20.0,6,1
56368,442,7,25800.0,4,2,41.0,6,1
56473,400,8,37450.0,4,2,17.0,0,4
56501,372,11,87750.0,4,1,32.0,4,5
56507,382,18,34700.0,1,1,32.0,4,4
56508,428,14,22200.0,1,1,32.0,4,1
56603,439,4,11800.0,2,2,45.0,6,1
56802,343,19,63650.0,2,1,51.0,6,2
56842,477,9,50100.0,4,2,30.0,6,4
57166,355,8,55600.0,4,2,31.0,6,2
57167,385,12,52900.0,4,1,45.0,6,4
57438,510,8,83950.0,4,2,43.0,6,2
57476,371,6,45500.0,2,2,17.0,0,4
57667,371,8,43850.0,4,1,45.0,6,4
57668,393,8,49800.0,4,2,46.0,6,4
57669,504,7,36350.0,4,1,44.0,6,4
57670,341,10,101700.0,2,2,37.0,6,5
57673,520,6,52450.0,4,2,41.0,6,4
57674,347,15,42050.0,2,1,45.0,6,4
57675,394,14,32100.0,1,1,32.0,6,4
57678,359,17,64150.0,2,2,50.0,6,2
57681,385,7,29700.0,4,2,30.0,6,1
57696,362,5,13350.0,2,1,47.0,6,1
57700,352,5,36750.0,4,2,31.0,6,4
57703,360,19,55400.0,4,1,45.0,6,2
57704,433,10,90200.0,4,2,34.0,6,5
57705,353,6,38600.0,4,2,43.0,6,4
57707,387,9,29150.0,4,2,35.0,6,1
57767,382,8,44450.0,4,2,34.0,6,4
57775,389,7,70800.0,4,1,1.0,6,2
57810,409,10,68650.0,1,2,12.0,0,2
57912,390,10,79450.0,4,1,3.0,6,2
57913,369,13,51750.0,2,1,3.0,6,4
57914,396,10,40450.0,1,1,3.0,6,4
58017,349,16,65450.0,4,2,37.0,6,2
58367,508,6,27700.0,4,2,35.0,6,1
58394,356,6,33500.0,4,2,42.0,6,4
58395,459,5,36100.0,4,2,30.0,6,4
58396,352,11,42500.0,4,2,31.0,6,4
58397,434,18,47400.0,1,2,32.0,6,4
58433,375,6,20500.0,4,2,20.0,0,1
58541,383,6,56700.0,4,2,33.0,6,2
58630,378,8,74500.0,4,2,42.0,6,2
58631,484,10,69850.0,4,2,39.0,6,2
58632,455,7,22050.0,4,2,33.0,6,1
58635,397,16,68550.0,2,1,40.0,6,2
58642,346,15,52950.0,4,1,40.0,6,4
58650,337,14,82200.0,2,2,43.0,6,2
58652,346,3,9450.0,4,2,37.0,6,1
58702,386,7,55750.0,4,2,42.0,6,2
58703,408,9,66650.0,4,2,37.0,6,2
58707,368,8,35100.0,4,2,42.0,6,4
58715,360,7,47800.0,4,2,35.0,6,4
58716,379,5,26550.0,4,2,39.0,6,1
58719,337,11,50600.0,4,1,45.0,6,4
58724,434,12,58150.0,4,1,20.0,6,2
58732,484,6,47600.0,4,2,32.0,6,4
58733,377,14,134200.0,4,2,31.0,6,5
58734,458,9,87700.0,4,2,34.0,6,5
58773,357,13,53700.0,4,1,14.0,0,2
58813,439,16,114350.0,4,2,33.0,6,5
58826,395,6,42050.0,4,2,44.0,6,4
58831,396,4,11100.0,4,2,45.0,7,1
58832,390,7,25100.0,2,2,44.0,6,1
58847,492,7,49350.0,4,2,39.0,6,4
58848,346,7,43700.0,4,2,45.0,6,4
58849,502,7,35200.0,4,2,45.0,6,4
58850,447,5,41700.0,4,1,45.0,6,4
58864,464,7,61650.0,4,2,34.0,6,2
58867,492,10,96250.0,4,2,42.0,6,5
58913,338,5,28150.0,4,2,36.0,6,1
58914,424,15,125300.0,4,2,30.0,6,5
58915,457,5,25900.0,4,2,32.0,6,1
58916,337,9,48900.0,4,2,39.0,6,4
58924,436,13,48900.0,2,1,20.0,6,4
58946,506,7,56050.0,4,1,44.0,6,2
59001,343,5,21200.0,4,2,37.0,6,1
59006,348,9,47500.0,4,2,30.0,6,4
59015,487,6,41700.0,4,2,31.0,6,4
59103,411,7,21050.0,4,2,47.0,6,1
59105,356,7,51100.0,4,2,38.0,6,4
59106,393,19,47950.0,4,2,48.0,6,4
59209,522,4,15450.0,4,1,44.0,6,1
59210,353,10,56000.0,4,2,36.0,6,2
59217,366,12,49500.0,4,1,29.0,6,4
59229,369,9,35700.0,2,2,36.0,6,4
59334,436,13,37400.0,1,1,20.0,6,4
59336,408,20,36000.0,4,1,20.0,6,4
59344,350,10,71700.0,4,2,37.0,6,2
59363,367,15,47450.0,4,2,47.0,6,4
59378,337,13,39100.0,4,1,1.0,6,4
59385,340,11,48700.0,4,1,1.0,6,4
59404,506,8,77150.0,4,2,38.0,6,2
59444,497,5,41500.0,4,1,47.0,6,4
59445,432,17,56150.0,4,1,29.0,6,2
59505,383,26,56450.0,4,1,21.0,6,2
59524,376,4,25000.0,4,2,46.0,6,1
59526,356,9,45000.0,4,2,32.0,6,4
59529,370,15,47000.0,2,1,21.0,6,4
59728,533,5,25000.0,4,2,30.0,6,1
59729,367,12,47600.0,2,2,40.0,6,4
59835,383,6,45750.0,4,2,43.0,6,4
60003,495,12,74050.0,4,2,40.0,6,2
60006,464,5,7700.0,2,2,20.0,6,1
60062,418,4,9700.0,4,2,14.0,0,1
60101,440,10,82800.0,4,2,34.0,6,2
60102,408,12,81550.0,4,2,43.0,6,2
60129,456,1,4800.0,2,1,18.0,0,1
60142,418,13,71800.0,4,2,46.0,6,2
60193,434,12,17950.0,1,1,20.0,6,1
60197,394,10,41300.0,4,1,20.0,6,4
60209,346,15,44900.0,2,2,36.0,6,4
60211,508,7,27900.0,4,2,39.0,6,1
60213,397,9,44150.0,4,2,38.0,6,4
60215,469,8,44050.0,4,1,45.0,6,4
60260,374,9,87000.0,4,2,42.0,6,5
60310,353,8,29350.0,4,2,33.0,6,1
60337,428,14,59900.0,4,2,39.0,6,2
60339,430,14,66300.0,4,1,20.0,6,2
60340,438,5,28250.0,4,2,33.0,6,1
60344,357,13,97950.0,4,2,37.0,6,5
60345,337,11,38400.0,4,2,49.0,6,4
60355,507,4,8150.0,4,1,50.0,6,1
60361,434,10,28600.0,4,2,41.0,6,1
60362,345,9,36800.0,4,2,42.0,6,4
60363,468,9,24700.0,4,2,34.0,6,1
60399,362,5,18000.0,2,2,47.0,6,1
60400,368,14,58450.0,4,2,30.0,6,2
60405,375,14,99450.0,4,2,38.0,6,5
60408,387,12,27650.0,4,2,35.0,6,1
60409,355,4,16550.0,4,1,47.0,6,1
60410,410,8,21850.0,4,2,36.0,6,1
60411,369,8,26250.0,2,2,46.0,6,1
60421,389,1,5400.0,2,2,17.0,0,1
60490,503,7,73200.0,4,2,34.0,6,2
60491,370,14,47050.0,4,2,37.0,6,4
60492,351,15,41350.0,2,2,39.0,6,4
60495,338,16,97000.0,4,2,43.0,6,5
60514,339,10,41400.0,4,2,30.0,6,4
60544,391,14,59400.0,2,2,39.0,6,2
60552,340,5,18400.0,2,2,31.0,6,1
60593,367,12,34350.0,2,2,39.0,6,4
60594,344,6,35850.0,4,1,67.0,6,4
60595,377,10,39050.0,2,2,38.0,6,4
60597,367,6,22000.0,4,2,47.0,6,1
60598,537,3,5100.0,4,1,78.0,6,1
60599,367,10,34600.0,2,1,41.0,6,4
60600,347,10,39550.0,2,1,34.0,6,4
60603,508,9,24400.0,4,2,46.0,6,1
60607,489,6,31500.0,4,1,43.0,6,4
60701,505,9,26200.0,4,2,47.0,6,1
60711,345,12,47800.0,2,2,43.0,6,4
60799,374,8,22750.0,2,2,46.0,6,1
60800,370,7,34050.0,2,1,75.0,6,4
60801,385,13,38100.0,2,2,43.0,6,4
60804,365,13,53500.0,2,2,32.0,6,2
60806,375,14,67150.0,2,2,35.0,6,2
60807,351,15,62650.0,4,1,20.0,6,2
61003,494,10,25650.0,4,2,47.0,6,1
61004,367,15,43100.0,2,2,31.0,6,4
61012,373,9,33200.0,2,1,40.0,6,4
61023,338,7,33200.0,2,1,39.0,6,4
61026,340,12,40000.0,4,1,47.0,6,4
61027,368,14,48900.0,2,1,41.0,6,4
61029,431,9,25100.0,4,2,49.0,6,1
61071,340,6,19700.0,2,2,45.0,6,1
61093,353,5,11000.0,4,2,46.0,6,1
61098,379,11,40550.0,4,2,37.0,6,4
61099,517,6,28000.0,2,1,20.0,6,1
61100,504,8,14350.0,1,1,20.0,6,1
61111,337,9,30350.0,4,2,46.0,6,1
61112,365,11,48650.0,2,2,49.0,6,4
61153,374,10,31250.0,2,2,38.0,6,4
61155,377,8,23100.0,2,2,32.0,6,1
61156,533,2,4050.0,2,1,80.0,6,1
61157,367,10,27150.0,2,2,30.0,6,1
61159,337,11,32550.0,2,2,36.0,6,4
61160,395,8,20450.0,4,1,20.0,6,1
61173,347,9,53450.0,4,2,41.0,6,2
61174,347,10,28900.0,2,2,30.0,6,1
61201,362,11,58050.0,2,1,38.0,6,2
61207,357,11,28050.0,2,2,31.0,6,1
61208,386,6,37850.0,2,2,46.0,6,4
61209,393,5,23800.0,4,2,31.0,6,1
61223,381,6,19750.0,4,2,49.0,6,1
61252,456,11,35800.0,2,2,32.0,6,4
61255,378,16,74600.0,2,2,36.0,6,2
61348,367,9,38050.0,4,2,47.0,6,4
61353,369,8,17250.0,2,2,49.0,6,1
61362,344,12,40150.0,2,1,38.0,6,4
61365,449,8,30750.0,4,2,44.0,6,4
61370,417,7,19850.0,4,2,35.0,6,1
61372,469,6,44500.0,4,2,33.0,6,4
61387,433,6,18050.0,4,2,20.0,6,1
61388,392,8,62300.0,4,2,46.0,6,2
61390,351,11,35700.0,4,2,47.0,6,4
61471,457,7,42500.0,4,2,32.0,6,4
61472,371,11,36800.0,4,1,48.0,6,4
61473,455,7,33650.0,4,2,43.0,6,4
61475,476,9,42150.0,4,2,33.0,6,4
61478,386,12,38600.0,4,1,45.0,6,4
61479,375,6,18400.0,4,2,37.0,6,1
61494,452,5,24500.0,4,2,35.0,6,1
61506,461,3,28800.0,4,2,30.0,6,1
61629,368,9,36300.0,2,2,44.0,6,4
61739,339,10,42600.0,2,2,36.0,6,4
61796,341,10,45100.0,2,2,32.0,6,4
61798,351,9,49600.0,4,1,45.0,6,4
61800,336,12,58050.0,2,2,33.0,6,2
61803,428,6,39150.0,4,1,47.0,6,4
61804,344,8,34900.0,2,2,20.0,6,4
61868,491,3,14100.0,4,1,44.0,6,1
61869,530,5,29250.0,4,2,32.0,6,1
61880,382,7,23650.0,2,2,42.0,6,1
61906,364,5,11700.0,4,2,46.0,6,1
61908,347,4,11300.0,4,2,49.0,6,1
62023,449,7,35350.0,4,2,39.0,6,4
62027,389,4,11600.0,4,2,30.0,6,1
62028,381,8,22200.0,4,2,39.0,6,1
62101,508,8,22900.0,2,2,38.0,6,1
62103,382,8,23400.0,4,2,47.0,6,1
62104,342,15,63300.0,2,1,20.0,6,2
62132,437,7,20550.0,4,2,39.0,6,1
62202,362,11,41600.0,1,2,20.0,6,4
62203,338,5,16200.0,2,2,45.0,6,1
62204,549,3,5250.0,1,2,36.0,6,1
62224,382,10,62250.0,4,2,42.0,6,2
62271,431,10,71000.0,4,2,38.0,6,2
62275,452,8,44800.0,4,2,46.0,6,4
62276,496,8,40500.0,4,2,33.0,6,4
62291,436,5,11200.0,4,2,47.0,6,1
62397,363,10,37800.0,1,2,15.0,0,4
62407,473,8,38300.0,2,2,45.0,6,4
62409,376,7,20800.0,4,2,39.0,6,1
62414,395,5,23500.0,4,2,33.0,6,1
62415,341,4,12100.0,4,2,32.0,6,1
62416,383,10,75000.0,4,2,40.0,6,2
62418,498,3,6400.0,4,2,40.0,3,1
62440,358,13,57900.0,2,2,32.0,6,2
62442,364,9,35000.0,2,2,39.0,6,4
62455,438,10,44800.0,4,2,38.0,6,4
62460,423,11,57400.0,4,2,37.0,6,2
62461,383,14,54450.0,4,1,20.0,6,2
62463,408,7,34450.0,4,2,37.0,6,4
62465,416,6,17200.0,4,2,45.0,6,1
62466,480,5,12300.0,4,2,39.0,6,1
62467,482,8,55800.0,4,2,34.0,6,2
62468,393,9,70600.0,4,2,38.0,6,2
62470,380,15,91250.0,4,2,0.0,6,5
62472,434,12,62750.0,4,1,29.0,6,2
62678,375,9,16050.0,4,1,20.0,6,1
62679,375,11,56250.0,2,1,20.0,6,2
62680,353,11,82950.0,1,1,20.0,6,2
62682,347,10,46850.0,4,2,36.0,6,4
62692,514,4,3700.0,4,2,29.0,6,1
62810,388,6,17450.0,4,2,45.0,6,1
62879,428,6,15400.0,4,2,38.0,6,1
62888,429,4,9700.0,4,1,47.0,6,1
62936,451,3,18100.0,2,2,39.0,6,1
62938,340,13,118300.0,4,2,42.0,6,5
63069,419,14,86900.0,4,2,41.0,6,5
63126,359,9,22800.0,2,2,46.0,6,1
63128,386,6,31400.0,4,2,46.0,6,4
63130,368,9,35000.0,2,2,43.0,6,4
63231,376,10,45900.0,4,1,44.0,6,4
63235,524,7,57800.0,4,2,40.0,6,2
63249,366,4,14350.0,4,2,30.0,6,1
63304,367,10,39750.0,2,2,45.0,6,4
63308,352,10,35000.0,2,2,41.0,6,4
63310,433,10,58400.0,4,2,37.0,6,2
63311,508,11,46100.0,4,1,20.0,6,4
63404,355,17,51650.0,4,2,46.0,6,4
63407,353,6,21000.0,4,2,35.0,6,1
63425,393,13,71750.0,4,2,35.0,6,2
63527,432,13,126900.0,4,2,35.0,6,5
63531,395,8,39800.0,4,2,34.0,6,4
63532,342,7,35050.0,4,2,43.0,6,4
63555,494,8,46250.0,4,2,39.0,6,4
63563,378,2,7200.0,4,2,18.0,0,1
63626,342,11,33100.0,2,2,40.0,6,4
63630,368,5,17350.0,4,2,47.0,6,1
63632,489,13,50800.0,4,2,35.0,6,4
63633,500,4,28350.0,4,1,20.0,6,1
63725,377,10,60000.0,4,2,43.0,6,2
63727,381,12,67650.0,4,2,34.0,6,2
63741,370,8,52450.0,4,2,37.0,6,4
63748,376,8,42200.0,2,2,42.0,6,4
63750,467,8,20150.0,4,2,50.0,6,1
63751,367,17,57700.0,2,2,31.0,6,2
63771,398,7,52600.0,4,1,29.0,6,4
63794,442,10,99900.0,4,2,35.0,6,5
63798,347,9,35650.0,4,2,32.0,6,4
63799,387,10,52150.0,4,2,33.0,6,4
63821,355,8,24400.0,4,2,32.0,6,1
63868,351,15,53250.0,2,2,38.0,6,4
63870,388,17,143200.0,4,2,33.0,6,5
63872,438,10,30450.0,2,2,32.0,6,1
63874,380,14,66000.0,4,2,34.0,6,2
63875,363,10,79350.0,2,1,20.0,6,2
63939,433,9,47000.0,4,1,45.0,6,4
63943,485,5,47000.0,4,2,37.0,6,4
63944,354,2,8100.0,4,2,30.0,6,1
63965,343,7,66050.0,4,2,35.0,6,2
64017,365,11,36250.0,2,2,44.0,6,4
64019,491,11,41650.0,4,2,32.0,6,4
64021,386,14,39600.0,2,2,42.0,6,4
64022,431,8,52000.0,4,1,65.0,6,4
64024,498,12,116600.0,2,1,20.0,6,5
64048,413,8,39950.0,4,2,40.0,6,4
64087,351,8,36800.0,4,1,44.0,6,4
64088,417,10,37800.0,4,2,37.0,6,4
64090,459,7,56750.0,4,2,39.0,6,2
64117,428,13,33900.0,4,2,37.0,6,4
64121,353,8,17250.0,4,2,42.0,6,1
64146,442,4,29700.0,2,1,47.0,6,1
64193,502,8,22100.0,2,2,30.0,6,1
64195,350,15,72100.0,4,2,34.0,6,2
64197,352,12,70500.0,2,2,32.0,6,2
64199,370,9,48050.0,4,2,33.0,6,4
64200,396,13,76700.0,1,1,20.0,6,2
64294,372,11,74300.0,4,2,40.0,6,2
64295,508,3,8550.0,4,1,45.0,6,1
64310,498,1,1200.0,4,1,45.0,6,1
64331,359,8,51000.0,4,2,30.0,6,4
64335,356,4,20600.0,4,2,38.0,6,1
64336,344,7,32850.0,4,1,45.0,6,4
64417,362,10,47350.0,2,2,37.0,6,4
64419,359,8,66300.0,4,2,38.0,6,2
64420,375,2,33000.0,4,1,75.0,6,4
64421,447,6,22000.0,2,2,36.0,6,1
64423,448,10,27800.0,4,2,35.0,6,1
64424,536,10,45050.0,4,1,20.0,6,4
64478,347,10,98200.0,4,2,35.0,6,5
64483,381,8,48400.0,4,2,36.0,6,4
64484,469,12,69400.0,4,2,31.0,6,2
64540,393,11,39150.0,4,2,13.0,0,4
64567,345,8,38450.0,4,2,48.0,6,4
64569,387,8,64000.0,4,2,34.0,6,2
64571,337,9,39100.0,2,2,35.0,6,4
64573,367,11,64850.0,4,2,43.0,6,2
64574,510,5,25950.0,4,1,20.0,6,1
64609,377,11,28900.0,4,2,42.0,6,1
64614,371,9,56350.0,4,2,32.0,6,2
64615,529,3,14500.0,2,1,48.0,6,1
64697,394,11,34350.0,2,2,43.0,6,4
64699,442,10,18350.0,4,2,43.0,6,1
64700,347,7,11900.0,4,1,67.0,6,1
64701,442,8,31450.0,2,2,48.0,6,4
64704,520,6,41100.0,4,2,40.0,6,4
64705,345,14,99200.0,4,1,20.0,6,5
64736,388,13,88150.0,2,1,20.0,6,5
64737,392,8,22200.0,4,1,47.0,6,1
64738,434,10,25750.0,1,2,20.0,6,1
64739,368,12,39350.0,2,2,35.0,6,4
64743,483,11,105100.0,4,2,32.0,6,5
64744,363,12,38400.0,4,2,36.0,4,4
64844,388,10,71200.0,4,2,0.0,6,2
64845,452,8,30450.0,4,2,34.0,4,1
64947,505,4,29500.0,4,1,44.0,6,1
65003,456,12,50300.0,2,1,30.0,6,4
65004,343,13,48900.0,2,1,30.0,6,4
65005,367,8,25400.0,2,2,30.0,6,1
65006,352,13,50100.0,4,2,47.0,6,4
65007,364,11,31800.0,4,2,46.0,6,4
65008,392,12,39650.0,2,1,30.0,6,4
65012,340,5,24100.0,1,2,30.0,6,1
65013,392,8,35200.0,4,1,37.0,6,4
65101,344,5,15000.0,2,2,37.0,6,1
65266,415,12,101950.0,2,1,15.0,0,5
65770,372,10,43050.0,1,1,13.0,0,4
66083,370,10,44850.0,4,2,17.0,0,4
66262,454,3,5800.0,2,1,14.0,0,1
