,RFM_Score,RecencyMean,FrequencyMean,MonetaryMean,Count,CustomerID,Recency,Frequency,MonetaryValue,R,F,M,RFM_Segment_Concat
0,3.0,210.1,3.3,8423.4,32,12710,342,2,4600,1,1,1,111
1,3.0,210.1,3.3,8423.4,32,14010,182,2,4350,1,1,1,111
2,3.0,210.1,3.3,8423.4,32,14102,314,1,1000,1,1,1,111
3,3.0,210.1,3.3,8423.4,32,20752,345,1,950,1,1,1,111
4,3.0,210.1,3.3,8423.4,32,23036,190,3,4800,1,1,1,111
5,3.0,210.1,3.3,8423.4,32,28608,323,2,5900,1,1,1,111
6,3.0,210.1,3.3,8423.4,32,33309,141,5,8100,1,1,1,111
7,3.0,210.1,3.3,8423.4,32,35809,160,4,7800,1,1,1,111
8,3.0,210.1,3.3,8423.4,32,43610,128,5,20000,1,1,1,111
9,3.0,210.1,3.3,8423.4,32,48628,166,4,11750,1,1,1,111
10,3.0,210.1,3.3,8423.4,32,49534,155,6,15850,1,1,1,111
11,3.0,210.1,3.3,8423.4,32,50457,171,3,6000,1,1,1,111
12,3.0,210.1,3.3,8423.4,32,54506,379,1,600,1,1,1,111
13,3.0,210.1,3.3,8423.4,32,56282,367,1,600,1,1,1,111
14,3.0,210.1,3.3,8423.4,32,56360,162,4,5950,1,1,1,111
15,3.0,210.1,3.3,8423.4,32,56603,163,4,11800,1,1,1,111
16,3.0,210.1,3.3,8423.4,32,60006,215,5,7700,1,1,1,111
17,3.0,210.1,3.3,8423.4,32,60355,241,4,8150,1,1,1,111
18,3.0,210.1,3.3,8423.4,32,60598,232,3,5100,1,1,1,111
19,3.0,210.1,3.3,8423.4,32,61156,232,2,4050,1,1,1,111
20,3.0,210.1,3.3,8423.4,32,61868,187,3,14100,1,1,1,111
21,3.0,210.1,3.3,8423.4,32,62204,184,3,5250,1,1,1,111
22,3.0,210.1,3.3,8423.4,32,62291,168,5,11200,1,1,1,111
23,3.0,210.1,3.3,8423.4,32,62418,173,3,6400,1,1,1,111
24,3.0,210.1,3.3,8423.4,32,62465,153,6,17200,1,1,1,111
25,3.0,210.1,3.3,8423.4,32,62466,166,5,12300,1,1,1,111
26,3.0,210.1,3.3,8423.4,32,62692,200,4,3700,1,1,1,111
27,3.0,210.1,3.3,8423.4,32,62936,208,3,18100,1,1,1,111
28,3.0,210.1,3.3,8423.4,32,64295,186,3,8550,1,1,1,111
29,3.0,210.1,3.3,8423.4,32,64310,222,1,1200,1,1,1,111
30,3.0,210.1,3.3,8423.4,32,64421,132,6,22000,1,1,1,111
31,3.0,210.1,3.3,8423.4,32,64615,137,3,14500,1,1,1,111
32,4.0,121.5,5.6,20710.0,35,3412,148,7,20350,1,2,1,121
33,4.0,121.5,5.6,20710.0,35,15120,188,7,23600,1,2,1,121
34,4.0,121.5,5.6,20710.0,35,21808,49,6,12000,2,1,1,211
35,4.0,121.5,5.6,20710.0,35,23058,160,5,26400,1,1,2,112
36,4.0,121.5,5.6,20710.0,35,37317,159,5,34050,1,1,2,112
37,4.0,121.5,5.6,20710.0,35,46005,105,6,19650,2,1,1,211
38,4.0,121.5,5.6,20710.0,35,55002,147,7,16500,1,2,1,121
39,4.0,121.5,5.6,20710.0,35,56267,136,6,30700,1,1,2,112
40,4.0,121.5,5.6,20710.0,35,58433,90,6,20500,2,1,1,211
41,4.0,121.5,5.6,20710.0,35,58632,169,7,22050,1,2,1,121
42,4.0,121.5,5.6,20710.0,35,58831,55,4,11100,2,1,1,211
43,4.0,121.5,5.6,20710.0,35,58915,115,5,25900,1,1,2,112
44,4.0,121.5,5.6,20710.0,35,59728,144,5,25000,1,1,2,112
45,4.0,121.5,5.6,20710.0,35,60062,107,4,9700,2,1,1,211
46,4.0,121.5,5.6,20710.0,35,60399,55,5,18000,2,1,1,211
47,4.0,121.5,5.6,20710.0,35,60607,155,6,31500,1,1,2,112
48,4.0,121.5,5.6,20710.0,35,61099,141,6,28000,1,1,2,112
49,4.0,121.5,5.6,20710.0,35,61100,161,8,14350,1,2,1,121
50,4.0,121.5,5.6,20710.0,35,61387,77,6,18050,2,1,1,211
51,4.0,121.5,5.6,20710.0,35,61479,59,6,18400,2,1,1,211
52,4.0,121.5,5.6,20710.0,35,61869,244,5,29250,1,1,2,112
53,4.0,121.5,5.6,20710.0,35,61908,56,4,11300,2,1,1,211
54,4.0,121.5,5.6,20710.0,35,62027,53,4,11600,2,1,1,211
55,4.0,121.5,5.6,20710.0,35,62028,109,8,22200,1,2,1,121
56,4.0,121.5,5.6,20710.0,35,62101,115,8,22900,1,2,1,121
57,4.0,121.5,5.6,20710.0,35,62203,57,5,16200,2,1,1,211
58,4.0,121.5,5.6,20710.0,35,62888,102,4,9700,2,1,1,211
59,4.0,121.5,5.6,20710.0,35,63249,49,4,14350,2,1,1,211
60,4.0,121.5,5.6,20710.0,35,63633,156,4,28350,1,1,2,112
61,4.0,121.5,5.6,20710.0,35,63750,155,8,20150,1,2,1,121
62,4.0,121.5,5.6,20710.0,35,64146,157,4,29700,1,1,2,112
63,4.0,121.5,5.6,20710.0,35,64193,172,8,22100,1,2,1,121
64,4.0,121.5,5.6,20710.0,35,64574,173,5,25950,1,1,2,112
65,4.0,121.5,5.6,20710.0,35,64947,177,4,29500,1,1,2,112
66,4.0,121.5,5.6,20710.0,35,66262,59,3,5800,2,1,1,211
67,5.0,83.2,5.5,23642.7,48,3404,39,6,22300,3,1,1,311
68,5.0,83.2,5.5,23642.7,48,7401,34,5,11800,3,1,1,311
69,5.0,83.2,5.5,23642.7,48,13103,59,7,15150,2,2,1,221
70,5.0,83.2,5.5,23642.7,48,33913,158,8,32700,1,2,2,122
71,5.0,83.2,5.5,23642.7,48,38808,41,6,21850,3,1,1,311
72,5.0,83.2,5.5,23642.7,48,49109,187,4,36100,1,1,3,113
73,5.0,83.2,5.5,23642.7,48,49416,163,6,38900,1,1,3,113
74,5.0,83.2,5.5,23642.7,48,53453,32,4,15500,3,1,1,311
75,5.0,83.2,5.5,23642.7,48,54367,61,6,28900,2,1,2,212
76,5.0,83.2,5.5,23642.7,48,55103,58,5,25500,2,1,2,212
77,5.0,83.2,5.5,23642.7,48,56261,42,6,21500,3,1,1,311
78,5.0,83.2,5.5,23642.7,48,56368,120,7,25800,1,2,2,122
79,5.0,83.2,5.5,23642.7,48,57681,165,7,29700,1,2,2,122
80,5.0,83.2,5.5,23642.7,48,57696,36,5,13350,3,1,1,311
81,5.0,83.2,5.5,23642.7,48,58367,103,6,27700,2,1,2,212
82,5.0,83.2,5.5,23642.7,48,58395,162,5,36100,1,1,3,113
83,5.0,83.2,5.5,23642.7,48,58652,42,3,9450,3,1,1,311
84,5.0,83.2,5.5,23642.7,48,58849,176,7,35200,1,2,2,122
85,5.0,83.2,5.5,23642.7,48,58850,128,5,41700,1,1,3,113
86,5.0,83.2,5.5,23642.7,48,58913,54,5,28150,2,1,2,212
87,5.0,83.2,5.5,23642.7,48,59015,118,6,41700,1,1,3,113
88,5.0,83.2,5.5,23642.7,48,59103,81,7,21050,2,2,1,221
89,5.0,83.2,5.5,23642.7,48,59209,42,4,15450,3,1,1,311
90,5.0,83.2,5.5,23642.7,48,59444,201,5,41500,1,1,3,113
91,5.0,83.2,5.5,23642.7,48,60129,34,1,4800,3,1,1,311
92,5.0,83.2,5.5,23642.7,48,60340,69,5,28250,2,1,2,212
93,5.0,83.2,5.5,23642.7,48,60410,64,8,21850,2,2,1,221
94,5.0,83.2,5.5,23642.7,48,60421,39,1,5400,3,1,1,311
95,5.0,83.2,5.5,23642.7,48,60597,37,6,22000,3,1,1,311
96,5.0,83.2,5.5,23642.7,48,61223,36,6,19750,3,1,1,311
97,5.0,83.2,5.5,23642.7,48,61353,91,8,17250,2,2,1,221
98,5.0,83.2,5.5,23642.7,48,61370,65,7,19850,2,2,1,221
99,5.0,83.2,5.5,23642.7,48,61372,180,6,44500,1,1,3,113
100,5.0,83.2,5.5,23642.7,48,61494,101,5,24500,2,1,2,212
101,5.0,83.2,5.5,23642.7,48,61506,97,3,28800,2,1,2,212
102,5.0,83.2,5.5,23642.7,48,61906,46,5,11700,3,1,1,311
103,5.0,83.2,5.5,23642.7,48,62103,50,8,23400,2,2,1,221
104,5.0,83.2,5.5,23642.7,48,62132,103,7,20550,2,2,1,221
105,5.0,83.2,5.5,23642.7,48,62414,45,5,23500,3,1,1,311
106,5.0,83.2,5.5,23642.7,48,62415,35,4,12100,3,1,1,311
107,5.0,83.2,5.5,23642.7,48,62810,48,6,17450,3,1,1,311
108,5.0,83.2,5.5,23642.7,48,62879,42,6,15400,3,1,1,311
109,5.0,83.2,5.5,23642.7,48,63407,40,6,21000,3,1,1,311
110,5.0,83.2,5.5,23642.7,48,63563,46,2,7200,3,1,1,311
111,5.0,83.2,5.5,23642.7,48,64700,57,7,11900,2,2,1,221
112,5.0,83.2,5.5,23642.7,48,64701,138,8,31450,1,2,2,122
113,5.0,83.2,5.5,23642.7,48,64704,180,6,41100,1,1,3,113
114,5.0,83.2,5.5,23642.7,48,65012,49,5,24100,2,1,2,212
115,6.0,77.6,6.5,28475.0,50,5104,30,7,20750,3,2,1,321
116,6.0,77.6,6.5,28475.0,50,5106,23,3,8600,4,1,1,411
117,6.0,77.6,6.5,28475.0,50,6006,101,8,23900,2,2,2,222
118,6.0,77.6,6.5,28475.0,50,10101,103,10,20400,2,3,1,231
119,6.0,77.6,6.5,28475.0,50,12405,9,5,23100,4,1,1,411
120,6.0,77.6,6.5,28475.0,50,18302,174,6,50200,1,1,4,114
121,6.0,77.6,6.5,28475.0,50,21246,2,2,18500,4,1,1,411
122,6.0,77.6,6.5,28475.0,50,23999,22,6,20800,4,1,1,411
123,6.0,77.6,6.5,28475.0,50,26932,47,6,30250,3,1,2,312
124,6.0,77.6,6.5,28475.0,50,30601,34,4,29800,3,1,2,312
125,6.0,77.6,6.5,28475.0,50,32712,212,3,55000,1,1,4,114
126,6.0,77.6,6.5,28475.0,50,36302,14,5,9150,4,1,1,411
127,6.0,77.6,6.5,28475.0,50,48722,157,8,40050,1,2,3,123
128,6.0,77.6,6.5,28475.0,50,54502,173,7,43150,1,2,3,123
129,6.0,77.6,6.5,28475.0,50,56102,57,9,18900,2,3,1,231
130,6.0,77.6,6.5,28475.0,50,57669,156,7,36350,1,2,3,123
131,6.0,77.6,6.5,28475.0,50,57673,177,6,52450,1,1,4,114
132,6.0,77.6,6.5,28475.0,50,58732,185,6,47600,1,1,4,114
133,6.0,77.6,6.5,28475.0,50,59001,2,5,21200,4,1,1,411
134,6.0,77.6,6.5,28475.0,50,60211,98,7,27900,2,2,2,222
135,6.0,77.6,6.5,28475.0,50,60215,158,8,44050,1,2,3,123
136,6.0,77.6,6.5,28475.0,50,60361,118,10,28600,1,3,2,132
137,6.0,77.6,6.5,28475.0,50,60409,5,4,16550,4,1,1,411
138,6.0,77.6,6.5,28475.0,50,60552,11,5,18400,4,1,1,411
139,6.0,77.6,6.5,28475.0,50,60603,155,9,24400,1,3,2,132
140,6.0,77.6,6.5,28475.0,50,60701,205,9,26200,1,3,2,132
141,6.0,77.6,6.5,28475.0,50,60799,41,8,22750,3,2,1,321
142,6.0,77.6,6.5,28475.0,50,61003,148,10,25650,1,3,2,132
143,6.0,77.6,6.5,28475.0,50,61071,19,6,19700,4,1,1,411
144,6.0,77.6,6.5,28475.0,50,61093,12,5,11000,4,1,1,411
145,6.0,77.6,6.5,28475.0,50,61155,28,8,23100,3,2,1,321
146,6.0,77.6,6.5,28475.0,50,61208,62,6,37850,2,1,3,213
147,6.0,77.6,6.5,28475.0,50,61209,46,5,23800,3,1,2,312
148,6.0,77.6,6.5,28475.0,50,61365,58,8,30750,2,2,2,222
149,6.0,77.6,6.5,28475.0,50,61471,136,7,42500,1,2,3,123
150,6.0,77.6,6.5,28475.0,50,61473,106,7,33650,2,2,2,222
151,6.0,77.6,6.5,28475.0,50,61803,49,6,39150,2,1,3,213
152,6.0,77.6,6.5,28475.0,50,61804,54,8,34900,2,2,2,222
153,6.0,77.6,6.5,28475.0,50,61880,32,7,23650,3,2,1,321
154,6.0,77.6,6.5,28475.0,50,62023,57,7,35350,2,2,2,222
155,6.0,77.6,6.5,28475.0,50,62275,136,8,44800,1,2,3,123
156,6.0,77.6,6.5,28475.0,50,62276,165,8,40500,1,2,3,123
157,6.0,77.6,6.5,28475.0,50,62463,92,7,34450,2,2,2,222
158,6.0,77.6,6.5,28475.0,50,63630,10,5,17350,4,1,1,411
159,6.0,77.6,6.5,28475.0,50,63944,6,2,8100,4,1,1,411
160,6.0,77.6,6.5,28475.0,50,64121,39,8,17250,3,2,1,321
161,6.0,77.6,6.5,28475.0,50,64335,1,4,20600,4,1,1,411
162,6.0,77.6,6.5,28475.0,50,64845,95,8,30450,2,2,2,222
163,6.0,77.6,6.5,28475.0,50,65013,58,8,35200,2,2,2,222
164,6.0,77.6,6.5,28475.0,50,65101,2,5,15000,4,1,1,411
165,7.0,73.2,8.1,35083.9,59,3623,164,7,54450,1,2,4,124
166,7.0,73.2,8.1,35083.9,59,15706,14,6,32300,4,1,2,412
167,7.0,73.2,8.1,35083.9,59,20820,1,6,31850,4,1,2,412
168,7.0,73.2,8.1,35083.9,59,31605,119,9,38450,1,3,3,133
169,7.0,73.2,8.1,35083.9,59,37804,2,7,19900,4,2,1,421
170,7.0,73.2,8.1,35083.9,59,37902,59,9,28700,2,3,2,232
171,7.0,73.2,8.1,35083.9,59,41151,120,14,30400,1,4,2,142
172,7.0,73.2,8.1,35083.9,59,43551,107,8,43950,2,2,3,223
173,7.0,73.2,8.1,35083.9,59,49893,96,7,42800,2,2,3,223
174,7.0,73.2,8.1,35083.9,59,50315,62,9,31250,2,3,2,232
175,7.0,73.2,8.1,35083.9,59,54362,109,14,35650,1,4,2,142
176,7.0,73.2,8.1,35083.9,59,54405,87,11,22550,2,4,1,241
177,7.0,73.2,8.1,35083.9,59,54904,13,5,30850,4,1,2,412
178,7.0,73.2,8.1,35083.9,59,55953,48,8,25400,3,2,2,322
179,7.0,73.2,8.1,35083.9,59,56014,191,6,61650,1,1,5,115
180,7.0,73.2,8.1,35083.9,59,56285,51,7,37900,2,2,3,223
181,7.0,73.2,8.1,35083.9,59,56314,117,14,31950,1,4,2,142
182,7.0,73.2,8.1,35083.9,59,56508,93,14,22200,2,4,1,241
183,7.0,73.2,8.1,35083.9,59,57476,57,6,45500,2,1,4,214
184,7.0,73.2,8.1,35083.9,59,57700,28,5,36750,3,1,3,313
185,7.0,73.2,8.1,35083.9,59,57705,41,6,38600,3,1,3,313
186,7.0,73.2,8.1,35083.9,59,57707,55,9,29150,2,3,2,232
187,7.0,73.2,8.1,35083.9,59,58394,16,6,33500,4,1,2,412
188,7.0,73.2,8.1,35083.9,59,58702,110,7,55750,1,2,4,124
189,7.0,73.2,8.1,35083.9,59,58716,1,5,26550,4,1,2,412
190,7.0,73.2,8.1,35083.9,59,58847,167,7,49350,1,2,4,124
191,7.0,73.2,8.1,35083.9,59,58848,52,7,43700,2,2,3,223
192,7.0,73.2,8.1,35083.9,59,58946,166,7,56050,1,2,4,124
193,7.0,73.2,8.1,35083.9,59,59524,11,4,25000,4,1,2,412
194,7.0,73.2,8.1,35083.9,59,60193,53,12,17950,2,4,1,241
195,7.0,73.2,8.1,35083.9,59,60363,89,9,24700,2,3,2,232
196,7.0,73.2,8.1,35083.9,59,60594,26,6,35850,3,1,3,313
197,7.0,73.2,8.1,35083.9,59,60595,159,10,39050,1,3,3,133
198,7.0,73.2,8.1,35083.9,59,60800,34,7,34050,3,2,2,322
199,7.0,73.2,8.1,35083.9,59,61029,62,9,25100,2,3,2,232
200,7.0,73.2,8.1,35083.9,59,61153,58,10,31250,2,3,2,232
201,7.0,73.2,8.1,35083.9,59,61160,10,8,20450,4,2,1,421
202,7.0,73.2,8.1,35083.9,59,62407,106,8,38300,2,2,3,223
203,7.0,73.2,8.1,35083.9,59,62409,8,7,20800,4,2,1,421
204,7.0,73.2,8.1,35083.9,59,62442,49,9,35000,2,3,2,232
205,7.0,73.2,8.1,35083.9,59,62678,34,9,16050,3,3,1,331
206,7.0,73.2,8.1,35083.9,59,63128,3,6,31400,4,1,2,412
207,7.0,73.2,8.1,35083.9,59,63532,26,7,35050,3,2,2,322
208,7.0,73.2,8.1,35083.9,59,63555,127,8,46250,1,2,4,124
209,7.0,73.2,8.1,35083.9,59,63741,110,8,52450,1,2,4,124
210,7.0,73.2,8.1,35083.9,59,63748,90,8,42200,2,2,3,223
211,7.0,73.2,8.1,35083.9,59,63943,105,5,47000,2,1,4,214
212,7.0,73.2,8.1,35083.9,59,64022,165,8,52000,1,2,4,124
213,7.0,73.2,8.1,35083.9,59,64048,91,8,39950,2,2,3,223
214,7.0,73.2,8.1,35083.9,59,64087,49,8,36800,2,2,3,223
215,7.0,73.2,8.1,35083.9,59,64090,168,7,56750,1,2,4,124
216,7.0,73.2,8.1,35083.9,59,64117,109,13,33900,1,4,2,142
217,7.0,73.2,8.1,35083.9,59,64420,9,2,33000,4,1,2,412
218,7.0,73.2,8.1,35083.9,59,64423,102,10,27800,2,3,2,232
219,7.0,73.2,8.1,35083.9,59,64699,38,10,18350,3,3,1,331
220,7.0,73.2,8.1,35083.9,59,64737,11,8,22200,4,2,1,421
221,7.0,73.2,8.1,35083.9,59,64738,78,10,25750,2,3,2,232
222,7.0,73.2,8.1,35083.9,59,65005,36,8,25400,3,2,2,322
223,7.0,73.2,8.1,35083.9,59,65770,154,10,43050,1,3,3,133
224,8.0,71.1,9.1,41401.0,51,10124,149,10,48250,1,3,4,134
225,8.0,71.1,9.1,41401.0,51,11807,113,14,36600,1,4,3,143
226,8.0,71.1,9.1,41401.0,51,29057,61,10,38600,2,3,3,233
227,8.0,71.1,9.1,41401.0,51,32731,70,12,31650,2,4,2,242
228,8.0,71.1,9.1,41401.0,51,38709,51,6,58500,2,1,5,215
229,8.0,71.1,9.1,41401.0,51,40008,51,13,34950,2,4,2,242
230,8.0,71.1,9.1,41401.0,51,42029,101,10,43050,2,3,3,233
231,8.0,71.1,9.1,41401.0,51,46006,46,9,27350,3,3,2,332
232,8.0,71.1,9.1,41401.0,51,47923,108,12,39050,1,4,3,143
233,8.0,71.1,9.1,41401.0,51,48207,59,13,28050,2,4,2,242
234,8.0,71.1,9.1,41401.0,51,48411,47,9,30550,3,3,2,332
235,8.0,71.1,9.1,41401.0,51,54732,26,9,24600,3,3,2,332
236,8.0,71.1,9.1,41401.0,51,56270,125,9,57300,1,3,4,134
237,8.0,71.1,9.1,41401.0,51,56284,57,14,31150,2,4,2,242
238,8.0,71.1,9.1,41401.0,51,56473,43,8,37450,3,2,3,323
239,8.0,71.1,9.1,41401.0,51,56842,122,9,50100,1,3,4,134
240,8.0,71.1,9.1,41401.0,51,57438,160,8,83950,1,2,5,125
241,8.0,71.1,9.1,41401.0,51,57667,41,8,43850,3,2,3,323
242,8.0,71.1,9.1,41401.0,51,57767,48,8,44450,3,2,3,323
243,8.0,71.1,9.1,41401.0,51,58541,47,6,56700,3,1,4,314
244,8.0,71.1,9.1,41401.0,51,58707,2,8,35100,4,2,2,422
245,8.0,71.1,9.1,41401.0,51,58826,12,6,42050,4,1,3,413
246,8.0,71.1,9.1,41401.0,51,58832,3,7,25100,4,2,2,422
247,8.0,71.1,9.1,41401.0,51,58864,109,7,61650,1,2,5,125
248,8.0,71.1,9.1,41401.0,51,59334,144,13,37400,1,4,3,143
249,8.0,71.1,9.1,41401.0,51,59404,157,8,77150,1,2,5,125
250,8.0,71.1,9.1,41401.0,51,59835,48,6,45750,3,1,4,314
251,8.0,71.1,9.1,41401.0,51,60310,22,8,29350,4,2,2,422
252,8.0,71.1,9.1,41401.0,51,60411,22,8,26250,4,2,2,422
253,8.0,71.1,9.1,41401.0,51,60490,189,7,73200,1,2,5,125
254,8.0,71.1,9.1,41401.0,51,60600,55,10,39550,2,3,3,233
255,8.0,71.1,9.1,41401.0,51,61023,4,7,33200,4,2,2,422
256,8.0,71.1,9.1,41401.0,51,61157,43,10,27150,3,3,2,332
257,8.0,71.1,9.1,41401.0,51,61174,44,10,28900,3,3,2,332
258,8.0,71.1,9.1,41401.0,51,61252,179,11,35800,1,4,3,143
259,8.0,71.1,9.1,41401.0,51,61390,60,11,35700,2,4,2,242
260,8.0,71.1,9.1,41401.0,51,61475,93,9,42150,2,3,3,233
261,8.0,71.1,9.1,41401.0,51,62455,72,10,44800,2,3,3,233
262,8.0,71.1,9.1,41401.0,51,62467,59,8,55800,2,2,4,224
263,8.0,71.1,9.1,41401.0,51,63126,23,9,22800,4,3,1,431
264,8.0,71.1,9.1,41401.0,51,63235,95,7,57800,2,2,4,224
265,8.0,71.1,9.1,41401.0,51,63531,38,8,39800,3,2,3,323
266,8.0,71.1,9.1,41401.0,51,63771,105,7,52600,2,2,4,224
267,8.0,71.1,9.1,41401.0,51,63798,40,9,35650,3,3,2,332
268,8.0,71.1,9.1,41401.0,51,63821,7,8,24400,4,2,2,422
269,8.0,71.1,9.1,41401.0,51,63872,47,10,30450,3,3,2,332
270,8.0,71.1,9.1,41401.0,51,64019,166,11,41650,1,4,3,143
271,8.0,71.1,9.1,41401.0,51,64088,52,10,37800,2,3,3,233
272,8.0,71.1,9.1,41401.0,51,64336,2,7,32850,4,2,2,422
273,8.0,71.1,9.1,41401.0,51,64424,154,10,45050,1,3,4,134
274,8.0,71.1,9.1,41401.0,51,64483,56,8,48400,2,2,4,224
275,9.0,78.5,10.8,47907.1,56,311,11,7,43250,4,2,3,423
276,9.0,78.5,10.8,47907.1,56,7415,37,12,33650,3,4,2,342
277,9.0,78.5,10.8,47907.1,56,15106,14,7,36100,4,2,3,423
278,9.0,78.5,10.8,47907.1,56,20806,156,9,71200,1,3,5,135
279,9.0,78.5,10.8,47907.1,56,34410,63,16,31150,2,5,2,252
280,9.0,78.5,10.8,47907.1,56,41767,80,16,35700,2,5,2,252
281,9.0,78.5,10.8,47907.1,56,46003,119,14,54450,1,4,4,144
282,9.0,78.5,10.8,47907.1,56,46016,159,9,68950,1,3,5,135
283,9.0,78.5,10.8,47907.1,56,46462,168,9,97450,1,3,5,135
284,9.0,78.5,10.8,47907.1,56,46817,34,7,46500,3,2,4,324
285,9.0,78.5,10.8,47907.1,56,46926,171,13,56550,1,4,4,144
286,9.0,78.5,10.8,47907.1,56,48220,112,13,46850,1,4,4,144
287,9.0,78.5,10.8,47907.1,56,48627,101,12,37000,2,4,3,243
288,9.0,78.5,10.8,47907.1,56,49029,42,9,39850,3,3,3,333
289,9.0,78.5,10.8,47907.1,56,52503,123,9,69500,1,3,5,135
290,9.0,78.5,10.8,47907.1,56,52609,133,10,70050,1,3,5,135
291,9.0,78.5,10.8,47907.1,56,54704,46,10,43700,3,3,3,333
292,9.0,78.5,10.8,47907.1,56,55911,32,13,29450,3,4,2,342
293,9.0,78.5,10.8,47907.1,56,56103,62,12,41450,2,4,3,243
294,9.0,78.5,10.8,47907.1,56,56263,41,9,38200,3,3,3,333
295,9.0,78.5,10.8,47907.1,56,56268,9,10,33900,4,3,2,432
296,9.0,78.5,10.8,47907.1,56,56283,93,15,31450,2,5,2,252
297,9.0,78.5,10.8,47907.1,56,56507,103,18,34700,2,5,2,252
298,9.0,78.5,10.8,47907.1,56,57668,40,8,49800,3,2,4,324
299,9.0,78.5,10.8,47907.1,56,57675,44,14,32100,3,4,2,342
300,9.0,78.5,10.8,47907.1,56,57704,110,10,90200,1,3,5,135
301,9.0,78.5,10.8,47907.1,56,57912,108,10,79450,1,3,5,135
302,9.0,78.5,10.8,47907.1,56,58631,116,10,69850,1,3,5,135
303,9.0,78.5,10.8,47907.1,56,58715,25,7,47800,3,2,4,324
304,9.0,78.5,10.8,47907.1,56,58867,187,10,96250,1,3,5,135
305,9.0,78.5,10.8,47907.1,56,58924,110,13,48900,1,4,4,144
306,9.0,78.5,10.8,47907.1,56,59105,35,7,51100,3,2,4,324
307,9.0,78.5,10.8,47907.1,56,59229,24,9,35700,4,3,2,432
308,9.0,78.5,10.8,47907.1,56,59336,162,20,36000,1,5,3,153
309,9.0,78.5,10.8,47907.1,56,60101,162,10,82800,1,3,5,135
310,9.0,78.5,10.8,47907.1,56,60197,39,10,41300,3,3,3,333
311,9.0,78.5,10.8,47907.1,56,60514,45,10,41400,3,3,3,333
312,9.0,78.5,10.8,47907.1,56,60593,27,12,34350,3,4,2,342
313,9.0,78.5,10.8,47907.1,56,60599,19,10,34600,4,3,2,432
314,9.0,78.5,10.8,47907.1,56,61012,15,9,33200,4,3,2,432
315,9.0,78.5,10.8,47907.1,56,61026,49,12,40000,2,4,3,243
316,9.0,78.5,10.8,47907.1,56,61111,20,9,30350,4,3,2,432
317,9.0,78.5,10.8,47907.1,56,61207,42,11,28050,3,4,2,342
318,9.0,78.5,10.8,47907.1,56,62460,156,11,57400,1,4,4,144
319,9.0,78.5,10.8,47907.1,56,63130,18,9,35000,4,3,2,432
320,9.0,78.5,10.8,47907.1,56,63304,47,10,39750,3,3,3,333
321,9.0,78.5,10.8,47907.1,56,63308,2,10,35000,4,3,2,432
322,9.0,78.5,10.8,47907.1,56,63310,177,10,58400,1,3,5,135
323,9.0,78.5,10.8,47907.1,56,63311,171,11,46100,1,4,4,144
324,9.0,78.5,10.8,47907.1,56,63632,139,13,50800,1,4,4,144
325,9.0,78.5,10.8,47907.1,56,63939,93,9,47000,2,3,4,234
326,9.0,78.5,10.8,47907.1,56,64567,11,8,38450,4,2,3,423
327,9.0,78.5,10.8,47907.1,56,64614,61,9,56350,2,3,4,234
328,9.0,78.5,10.8,47907.1,56,64697,41,11,34350,3,4,2,342
329,9.0,78.5,10.8,47907.1,56,65003,131,12,50300,1,4,4,144
330,9.0,78.5,10.8,47907.1,56,65008,59,12,39650,2,4,3,243
331,10.0,55.4,11.5,50972.2,72,10104,49,17,42350,2,5,3,253
332,10.0,55.4,11.5,50972.2,72,10201,82,16,36900,2,5,3,253
333,10.0,55.4,11.5,50972.2,72,14008,135,11,59250,1,4,5,145
334,10.0,55.4,11.5,50972.2,72,33420,46,14,41450,3,4,3,343
335,10.0,55.4,11.5,50972.2,72,38401,107,9,66650,2,3,5,235
336,10.0,55.4,11.5,50972.2,72,38601,40,9,50500,3,3,4,334
337,10.0,55.4,11.5,50972.2,72,42928,133,17,48400,1,5,4,154
338,10.0,55.4,11.5,50972.2,72,43317,59,17,44750,2,5,3,253
339,10.0,55.4,11.5,50972.2,72,47802,103,18,37200,2,5,3,253
340,10.0,55.4,11.5,50972.2,72,48009,29,15,35550,3,5,2,352
341,10.0,55.4,11.5,50972.2,72,48117,40,17,30050,3,5,2,352
342,10.0,55.4,11.5,50972.2,72,48208,20,14,32950,4,4,2,442
343,10.0,55.4,11.5,50972.2,72,48312,21,12,31550,4,4,2,442
344,10.0,55.4,11.5,50972.2,72,49107,4,14,31000,4,4,2,442
345,10.0,55.4,11.5,50972.2,72,49116,42,16,29300,3,5,2,352
346,10.0,55.4,11.5,50972.2,72,49553,163,11,65650,1,4,5,145
347,10.0,55.4,11.5,50972.2,72,50578,21,9,40150,4,3,3,433
348,10.0,55.4,11.5,50972.2,72,50702,34,11,41850,3,4,3,343
349,10.0,55.4,11.5,50972.2,72,51891,89,18,40600,2,5,3,253
350,10.0,55.4,11.5,50972.2,72,52501,40,15,30850,3,5,2,352
351,10.0,55.4,11.5,50972.2,72,56009,45,10,47750,3,3,4,334
352,10.0,55.4,11.5,50972.2,72,56356,27,9,49500,3,3,4,334
353,10.0,55.4,11.5,50972.2,72,57166,20,8,55600,4,2,4,424
354,10.0,55.4,11.5,50972.2,72,57167,101,12,52900,2,4,4,244
355,10.0,55.4,11.5,50972.2,72,57775,29,7,70800,3,2,5,325
356,10.0,55.4,11.5,50972.2,72,57810,50,10,68650,2,3,5,235
357,10.0,55.4,11.5,50972.2,72,57913,80,13,51750,2,4,4,244
358,10.0,55.4,11.5,50972.2,72,57914,11,10,40450,4,3,3,433
359,10.0,55.4,11.5,50972.2,72,58396,41,11,42500,3,4,3,343
360,10.0,55.4,11.5,50972.2,72,58397,119,18,47400,1,5,4,154
361,10.0,55.4,11.5,50972.2,72,58630,42,8,74500,3,2,5,325
362,10.0,55.4,11.5,50972.2,72,58703,83,9,66650,2,3,5,235
363,10.0,55.4,11.5,50972.2,72,58734,96,9,87700,2,3,5,235
364,10.0,55.4,11.5,50972.2,72,59006,48,9,47500,3,3,4,334
365,10.0,55.4,11.5,50972.2,72,59210,29,10,56000,3,3,4,334
366,10.0,55.4,11.5,50972.2,72,59445,109,17,56150,1,5,4,154
367,10.0,55.4,11.5,50972.2,72,59729,53,12,47600,2,4,4,244
368,10.0,55.4,11.5,50972.2,72,60003,172,12,74050,1,4,5,145
369,10.0,55.4,11.5,50972.2,72,60142,130,13,71800,1,4,5,145
370,10.0,55.4,11.5,50972.2,72,60213,16,9,44150,4,3,3,433
371,10.0,55.4,11.5,50972.2,72,60337,157,14,59900,1,4,5,145
372,10.0,55.4,11.5,50972.2,72,60362,19,9,36800,4,3,3,433
373,10.0,55.4,11.5,50972.2,72,60408,22,12,27650,4,4,2,442
374,10.0,55.4,11.5,50972.2,72,61159,23,11,32550,4,4,2,442
375,10.0,55.4,11.5,50972.2,72,61201,59,11,58050,2,4,4,244
376,10.0,55.4,11.5,50972.2,72,61348,15,9,38050,4,3,3,433
377,10.0,55.4,11.5,50972.2,72,61388,28,8,62300,3,2,5,325
378,10.0,55.4,11.5,50972.2,72,61472,28,11,36800,3,4,3,343
379,10.0,55.4,11.5,50972.2,72,61478,39,12,38600,3,4,3,343
380,10.0,55.4,11.5,50972.2,72,61629,14,9,36300,4,3,3,433
381,10.0,55.4,11.5,50972.2,72,61739,19,10,42600,4,3,3,433
382,10.0,55.4,11.5,50972.2,72,62224,57,10,62250,2,3,5,235
383,10.0,55.4,11.5,50972.2,72,62397,5,10,37800,4,3,3,433
384,10.0,55.4,11.5,50972.2,72,62416,59,10,75000,2,3,5,235
385,10.0,55.4,11.5,50972.2,72,63231,42,10,45900,3,3,4,334
386,10.0,55.4,11.5,50972.2,72,63527,115,13,126900,1,4,5,145
387,10.0,55.4,11.5,50972.2,72,63626,12,11,33100,4,4,2,442
388,10.0,55.4,11.5,50972.2,72,63794,98,10,99900,2,3,5,235
389,10.0,55.4,11.5,50972.2,72,63799,38,10,52150,3,3,4,334
390,10.0,55.4,11.5,50972.2,72,63965,43,7,66050,3,2,5,325
391,10.0,55.4,11.5,50972.2,72,64017,44,11,36250,3,4,3,343
392,10.0,55.4,11.5,50972.2,72,64021,48,14,39600,3,4,3,343
393,10.0,55.4,11.5,50972.2,72,64024,174,12,116600,1,4,5,145
394,10.0,55.4,11.5,50972.2,72,64199,31,9,48050,3,3,4,334
395,10.0,55.4,11.5,50972.2,72,64331,7,8,51000,4,2,4,424
396,10.0,55.4,11.5,50972.2,72,64419,30,8,66300,3,2,5,325
397,10.0,55.4,11.5,50972.2,72,64484,125,12,69400,1,4,5,145
398,10.0,55.4,11.5,50972.2,72,64540,41,11,39150,3,4,3,343
399,10.0,55.4,11.5,50972.2,72,64571,1,9,39100,4,3,3,433
400,10.0,55.4,11.5,50972.2,72,64609,9,11,28900,4,4,2,442
401,10.0,55.4,11.5,50972.2,72,65007,1,11,31800,4,4,2,442
402,10.0,55.4,11.5,50972.2,72,66083,30,10,44850,3,3,4,334
403,11.0,41.5,12.9,56033.8,65,13102,3,8,78900,4,2,5,425
404,11.0,41.5,12.9,56033.8,65,25111,34,10,71900,3,3,5,335
405,11.0,41.5,12.9,56033.8,65,26977,40,16,40250,3,5,3,353
406,11.0,41.5,12.9,56033.8,65,30614,47,14,56350,3,4,4,344
407,11.0,41.5,12.9,56033.8,65,31107,40,15,41800,3,5,3,353
408,11.0,41.5,12.9,56033.8,65,32206,40,16,44350,3,5,3,353
409,11.0,41.5,12.9,56033.8,65,33717,20,14,37150,4,4,3,443
410,11.0,41.5,12.9,56033.8,65,33953,2,10,54150,4,3,4,434
411,11.0,41.5,12.9,56033.8,65,34413,17,12,37500,4,4,3,443
412,11.0,41.5,12.9,56033.8,65,38031,47,14,45800,3,4,4,344
413,11.0,41.5,12.9,56033.8,65,38103,60,13,106900,2,4,5,245
414,11.0,41.5,12.9,56033.8,65,42350,37,15,40100,3,5,3,353
415,11.0,41.5,12.9,56033.8,65,45083,106,19,55900,2,5,4,254
416,11.0,41.5,12.9,56033.8,65,46602,71,16,50300,2,5,4,254
417,11.0,41.5,12.9,56033.8,65,49108,36,21,43250,3,5,3,353
418,11.0,41.5,12.9,56033.8,65,49409,30,15,38400,3,5,3,353
419,11.0,41.5,12.9,56033.8,65,49410,46,18,43450,3,5,3,353
420,11.0,41.5,12.9,56033.8,65,49413,32,17,40650,3,5,3,353
421,11.0,41.5,12.9,56033.8,65,49417,34,9,62100,3,3,5,335
422,11.0,41.5,12.9,56033.8,65,49420,40,15,38350,3,5,3,353
423,11.0,41.5,12.9,56033.8,65,54356,1,13,40350,4,4,3,443
424,11.0,41.5,12.9,56033.8,65,56265,106,11,72000,2,4,5,245
425,11.0,41.5,12.9,56033.8,65,56287,7,13,39150,4,4,3,443
426,11.0,41.5,12.9,56033.8,65,57674,25,15,42050,3,5,3,353
427,11.0,41.5,12.9,56033.8,65,58724,99,12,58150,2,4,5,245
428,11.0,41.5,12.9,56033.8,65,58916,11,9,48900,4,3,4,434
429,11.0,41.5,12.9,56033.8,65,59106,53,19,47950,2,5,4,254
430,11.0,41.5,12.9,56033.8,65,59217,46,12,49500,3,4,4,344
431,11.0,41.5,12.9,56033.8,65,59344,43,10,71700,3,3,5,335
432,11.0,41.5,12.9,56033.8,65,59378,9,13,39100,4,4,3,443
433,11.0,41.5,12.9,56033.8,65,59505,64,26,56450,2,5,4,254
434,11.0,41.5,12.9,56033.8,65,59526,19,9,45000,4,3,4,434
435,11.0,41.5,12.9,56033.8,65,60102,106,12,81550,2,4,5,245
436,11.0,41.5,12.9,56033.8,65,60339,74,14,66300,2,4,5,245
437,11.0,41.5,12.9,56033.8,65,60345,12,11,38400,4,4,3,443
438,11.0,41.5,12.9,56033.8,65,60405,95,14,99450,2,4,5,245
439,11.0,41.5,12.9,56033.8,65,60491,45,14,47050,3,4,4,344
440,11.0,41.5,12.9,56033.8,65,60544,59,14,59400,2,4,5,245
441,11.0,41.5,12.9,56033.8,65,60801,6,13,38100,4,4,3,443
442,11.0,41.5,12.9,56033.8,65,61004,38,15,43100,3,5,3,353
443,11.0,41.5,12.9,56033.8,65,61098,3,11,40550,4,4,3,443
444,11.0,41.5,12.9,56033.8,65,61173,9,9,53450,4,3,4,434
445,11.0,41.5,12.9,56033.8,65,61362,1,12,40150,4,4,3,443
446,11.0,41.5,12.9,56033.8,65,61796,24,10,45100,4,3,4,434
447,11.0,41.5,12.9,56033.8,65,61798,16,9,49600,4,3,4,434
448,11.0,41.5,12.9,56033.8,65,61800,33,12,58050,3,4,4,344
449,11.0,41.5,12.9,56033.8,65,62202,23,11,41600,4,4,3,443
450,11.0,41.5,12.9,56033.8,65,62271,33,10,71000,3,3,5,335
451,11.0,41.5,12.9,56033.8,65,62468,40,9,70600,3,3,5,335
452,11.0,41.5,12.9,56033.8,65,62472,94,12,62750,2,4,5,245
453,11.0,41.5,12.9,56033.8,65,62682,10,10,46850,4,3,4,434
454,11.0,41.5,12.9,56033.8,65,63069,83,14,86900,2,4,5,245
455,11.0,41.5,12.9,56033.8,65,63425,66,13,71750,2,4,5,245
456,11.0,41.5,12.9,56033.8,65,63727,61,12,67650,2,4,5,245
457,11.0,41.5,12.9,56033.8,65,63751,86,17,57700,2,5,4,254
458,11.0,41.5,12.9,56033.8,65,63875,40,10,79350,3,3,5,335
459,11.0,41.5,12.9,56033.8,65,64197,60,12,70500,2,4,5,245
460,11.0,41.5,12.9,56033.8,65,64417,22,10,47350,4,3,4,434
461,11.0,41.5,12.9,56033.8,65,64569,20,8,64000,4,2,5,425
462,11.0,41.5,12.9,56033.8,65,64739,6,12,39350,4,4,3,443
463,11.0,41.5,12.9,56033.8,65,64743,78,11,105100,2,4,5,245
464,11.0,41.5,12.9,56033.8,65,64744,3,12,38400,4,4,3,443
465,11.0,41.5,12.9,56033.8,65,64844,44,10,71200,3,3,5,335
466,11.0,41.5,12.9,56033.8,65,65006,44,13,50100,3,4,4,344
467,11.0,41.5,12.9,56033.8,65,65266,97,12,101950,2,4,5,245
468,12.0,29.1,14.7,65365.3,59,10117,37,20,46550,3,5,4,354
469,12.0,29.1,14.7,65365.3,59,10119,67,23,72750,2,5,5,255
470,12.0,29.1,14.7,65365.3,59,10120,16,16,43300,4,5,3,453
471,12.0,29.1,14.7,65365.3,59,10704,32,17,48950,3,5,4,354
472,12.0,29.1,14.7,65365.3,59,12825,19,10,66300,4,3,5,435
473,12.0,29.1,14.7,65365.3,59,22459,12,13,51100,4,4,4,444
474,12.0,29.1,14.7,65365.3,59,33001,51,21,96450,2,5,5,255
475,12.0,29.1,14.7,65365.3,59,33509,51,18,60200,2,5,5,255
476,12.0,29.1,14.7,65365.3,59,33914,14,16,38850,4,5,3,453
477,12.0,29.1,14.7,65365.3,59,35810,20,19,38750,4,5,3,453
478,12.0,29.1,14.7,65365.3,59,39005,4,10,69100,4,3,5,435
479,12.0,29.1,14.7,65365.3,59,41601,27,16,57850,3,5,4,354
480,12.0,29.1,14.7,65365.3,59,41916,34,12,61000,3,4,5,345
481,12.0,29.1,14.7,65365.3,59,42177,3,18,44200,4,5,3,453
482,12.0,29.1,14.7,65365.3,59,45044,39,20,50650,3,5,4,354
483,12.0,29.1,14.7,65365.3,59,46468,68,21,67750,2,5,5,255
484,12.0,29.1,14.7,65365.3,59,48008,32,19,57850,3,5,4,354
485,12.0,29.1,14.7,65365.3,59,48913,31,12,76550,3,4,5,345
486,12.0,29.1,14.7,65365.3,59,49106,39,15,53300,3,5,4,354
487,12.0,29.1,14.7,65365.3,59,49114,6,16,43250,4,5,3,453
488,12.0,29.1,14.7,65365.3,59,49401,33,18,52050,3,5,4,354
489,12.0,29.1,14.7,65365.3,59,50759,59,17,80900,2,5,5,255
490,12.0,29.1,14.7,65365.3,59,51439,49,18,60500,2,5,5,255
491,12.0,29.1,14.7,65365.3,59,54354,77,27,113050,2,5,5,255
492,12.0,29.1,14.7,65365.3,59,54735,37,11,74100,3,4,5,345
493,12.0,29.1,14.7,65365.3,59,55004,10,10,71300,4,3,5,435
494,12.0,29.1,14.7,65365.3,59,55739,48,12,92050,3,4,5,345
495,12.0,29.1,14.7,65365.3,59,56107,35,16,52750,3,5,4,354
496,12.0,29.1,14.7,65365.3,59,56269,3,11,55450,4,4,4,444
497,12.0,29.1,14.7,65365.3,59,56277,22,14,51950,4,4,4,444
498,12.0,29.1,14.7,65365.3,59,57670,3,10,101700,4,3,5,435
499,12.0,29.1,14.7,65365.3,59,57703,40,19,55400,3,5,4,354
500,12.0,29.1,14.7,65365.3,59,58719,6,11,50600,4,4,4,444
501,12.0,29.1,14.7,65365.3,59,58773,8,13,53700,4,4,4,444
502,12.0,29.1,14.7,65365.3,59,58813,104,16,114350,2,5,5,255
503,12.0,29.1,14.7,65365.3,59,58914,97,15,125300,2,5,5,255
504,12.0,29.1,14.7,65365.3,59,59363,28,15,47450,3,5,4,354
505,12.0,29.1,14.7,65365.3,59,59385,13,11,48700,4,4,4,444
506,12.0,29.1,14.7,65365.3,59,59529,27,15,47000,3,5,4,354
507,12.0,29.1,14.7,65365.3,59,60260,15,9,87000,4,3,5,435
508,12.0,29.1,14.7,65365.3,59,60344,27,13,97950,3,4,5,345
509,12.0,29.1,14.7,65365.3,59,60400,28,14,58450,3,4,5,345
510,12.0,29.1,14.7,65365.3,59,60492,10,15,41350,4,5,3,453
511,12.0,29.1,14.7,65365.3,59,60711,5,12,47800,4,4,4,444
512,12.0,29.1,14.7,65365.3,59,60804,18,13,53500,4,4,4,444
513,12.0,29.1,14.7,65365.3,59,60806,39,14,67150,3,4,5,345
514,12.0,29.1,14.7,65365.3,59,61027,12,14,48900,4,4,4,444
515,12.0,29.1,14.7,65365.3,59,61112,11,11,48650,4,4,4,444
516,12.0,29.1,14.7,65365.3,59,62440,24,13,57900,4,4,4,444
517,12.0,29.1,14.7,65365.3,59,62461,3,14,54450,4,4,4,444
518,12.0,29.1,14.7,65365.3,59,62470,54,15,91250,2,5,5,255
519,12.0,29.1,14.7,65365.3,59,62679,8,11,56250,4,4,4,444
520,12.0,29.1,14.7,65365.3,59,62938,33,13,118300,3,4,5,345
521,12.0,29.1,14.7,65365.3,59,63404,36,17,51650,3,5,4,354
522,12.0,29.1,14.7,65365.3,59,63725,9,10,60000,4,3,5,435
523,12.0,29.1,14.7,65365.3,59,64200,32,13,76700,3,4,5,345
524,12.0,29.1,14.7,65365.3,59,64478,12,10,98200,4,3,5,435
525,12.0,29.1,14.7,65365.3,59,64705,28,14,99200,3,4,5,345
526,12.0,29.1,14.7,65365.3,59,65004,9,13,48900,4,4,4,444
527,13.0,15.9,15.4,69001.7,30,11703,38,20,68600,3,5,5,355
528,13.0,15.9,15.4,69001.7,30,21605,9,17,48000,4,5,4,454
529,13.0,15.9,15.4,69001.7,30,21628,3,15,54750,4,5,4,454
530,13.0,15.9,15.4,69001.7,30,24210,4,13,119600,4,4,5,445
531,13.0,15.9,15.4,69001.7,30,25107,6,14,110350,4,4,5,445
532,13.0,15.9,15.4,69001.7,30,30972,13,17,56750,4,5,4,454
533,13.0,15.9,15.4,69001.7,30,41113,15,19,56450,4,5,4,454
534,13.0,15.9,15.4,69001.7,30,42340,40,19,61400,3,5,5,355
535,13.0,15.9,15.4,69001.7,30,45216,11,17,45500,4,5,4,454
536,13.0,15.9,15.4,69001.7,30,46704,11,17,57050,4,5,4,454
537,13.0,15.9,15.4,69001.7,30,49110,14,19,56750,4,5,4,454
538,13.0,15.9,15.4,69001.7,30,49250,3,21,49550,4,5,4,454
539,13.0,15.9,15.4,69001.7,30,53602,38,18,70250,3,5,5,355
540,13.0,15.9,15.4,69001.7,30,55102,11,15,46050,4,5,4,454
541,13.0,15.9,15.4,69001.7,30,55105,7,17,52500,4,5,4,454
542,13.0,15.9,15.4,69001.7,30,56262,24,11,60550,4,4,5,445
543,13.0,15.9,15.4,69001.7,30,56501,16,11,87750,4,4,5,445
544,13.0,15.9,15.4,69001.7,30,57678,29,17,64150,3,5,5,355
545,13.0,15.9,15.4,69001.7,30,58642,12,15,52950,4,5,4,454
546,13.0,15.9,15.4,69001.7,30,58650,5,14,82200,4,4,5,445
547,13.0,15.9,15.4,69001.7,30,58733,7,14,134200,4,4,5,445
548,13.0,15.9,15.4,69001.7,30,60209,17,15,44900,4,5,4,454
549,13.0,15.9,15.4,69001.7,30,60495,45,16,97000,3,5,5,355
550,13.0,15.9,15.4,69001.7,30,62104,26,15,63300,3,5,5,355
551,13.0,15.9,15.4,69001.7,30,62680,22,11,82950,4,4,5,445
552,13.0,15.9,15.4,69001.7,30,63868,12,15,53250,4,5,4,454
553,13.0,15.9,15.4,69001.7,30,63874,9,14,66000,4,4,5,445
554,13.0,15.9,15.4,69001.7,30,64294,1,11,74300,4,4,5,445
555,13.0,15.9,15.4,69001.7,30,64573,17,11,64850,4,4,5,445
556,13.0,15.9,15.4,69001.7,30,64736,12,13,88150,4,4,5,445
557,14.0,13.0,16.8,77793.8,8,35002,14,20,72150,4,5,5,455
558,14.0,13.0,16.8,77793.8,8,56802,16,19,63650,4,5,5,455
559,14.0,13.0,16.8,77793.8,8,58017,4,16,65450,4,5,5,455
560,14.0,13.0,16.8,77793.8,8,58635,11,16,68550,4,5,5,455
561,14.0,13.0,16.8,77793.8,8,60807,3,15,62650,4,5,5,455
562,14.0,13.0,16.8,77793.8,8,61255,13,16,74600,4,5,5,455
563,14.0,13.0,16.8,77793.8,8,63870,22,17,143200,4,5,5,455
564,14.0,13.0,16.8,77793.8,8,64195,21,15,72100,4,5,5,455
