,customer_id,cust_tier,member_title,member_gender,member_age,member_country,segment
0,1,S,,M,,,70+
1,2,B,,F,,,26-35
2,3,S,,F,,,36-45
3,4,P,,F,,,18-25
4,5,S,,M,,,26-35
5,6,S,,F,,,46-55
6,7,B,,M,,,26-35
7,8,B,,F,,,26-35
8,9,S,,F,,,36-45
9,10,S,,F,,,46-55
10,11,S,,M,,,70+
11,12,S,,F,,,46-55
12,13,S,,M,,,36-45
13,14,B,,M,,,26-35
14,15,G,,M,,,46-55
15,16,S,,F,,,36-45
16,17,B,,M,,,36-45
17,18,S,,M,,,26-35
18,19,S,,M,,,46-55
19,20,G,,F,,,36-45
20,21,S,,F,,,26-35
21,22,B,,F,,,36-45
22,23,G,,F,,,36-45
23,24,S,,M,,,36-45
24,27,S,,M,,,36-45
25,28,G,,M,,,46-55
26,29,S,,F,,,26-35
27,30,G,,M,,,70+
28,31,S,,M,,,36-45
29,32,G,,F,,,26-35
30,33,S,,M,,,46-55
31,34,G,,F,,,36-45
32,35,G,,M,,,18-25
33,36,B,,F,,,36-45
34,38,S,,F,,,46-55
35,39,S,,F,,,70+
36,40,S,,F,,,56-70
37,41,S,,M,,,46-55
38,42,B,,M,,,26-35
39,43,G,,M,,,46-55
40,44,S,,F,,,70+
41,45,G,,F,,,46-55
42,46,G,,M,,,70+
43,47,S,,M,,,36-45
44,48,S,,M,,,36-45
45,49,S,,M,,,36-45
46,50,S,,F,,,46-55
47,51,G,,M,,,70+
48,52,S,,M,,,36-45
49,53,S,,M,,,56-70
50,54,S,,F,,,36-45
51,55,S,,M,,,46-55
52,56,B,,F,,,26-35
53,57,S,,F,,,46-55
54,58,B,,F,,,26-35
55,59,S,,M,,,70+
56,60,S,,M,,,36-45
57,61,G,,F,,,46-55
58,62,S,,F,,,46-55
59,63,S,,F,,,36-45
60,64,P,,M,,,18-25
61,66,S,,F,,,46-55
62,67,B,,M,,,36-45
63,68,S,,M,,,46-55
64,69,S,,M,,,46-55
65,70,B,,M,,,26-35
66,71,S,,F,,,36-45
67,72,B,,M,,,26-35
68,73,B,,F,,,26-35
69,74,B,,F,,,26-35
70,75,B,,M,,,26-35
71,76,S,,M,,,36-45
72,78,S,,M,,,36-45
73,79,B,,F,,,26-35
74,80,P,,M,,,18-25
75,81,S,,F,,,26-35
76,82,S,,F,,,70+
77,83,S,,F,,,46-55
78,84,S,,M,,,46-55
79,85,G,,M,,,46-55
80,86,S,,F,,,26-35
81,87,G,,M,,,46-55
82,88,B,,M,,,26-35
83,89,S,,F,,,46-55
84,90,S,,M,,,46-55
85,91,S,,M,,,26-35
86,92,G,,F,,,46-55
87,93,S,,M,,,56-70
88,94,G,,F,,,46-55
89,95,S,,F,,,26-35
90,96,G,,F,,,46-55
91,97,S,,M,,,36-45
92,98,S,,M,,,18-25
93,99,G,,F,,,46-55
94,100,S,,M,,,70+
95,101,S,,F,,,36-45
96,103,S,,M,,,46-55
97,105,B,,F,,,36-45
98,106,S,,F,,,46-55
99,107,B,,M,,,18-25
100,108,S,,F,,,46-55
101,110,S,,M,,,18-25
102,111,G,,M,,,36-45
103,112,S,,F,,,46-55
104,113,S,,M,,,56-70
105,114,G,,F,,,26-35
106,115,S,,M,,,56-70
107,116,S,,F,,,18-25
108,117,S,,F,,,36-45
109,118,S,,F,,,36-45
110,119,S,,F,,,46-55
111,120,S,,F,,,26-35
112,121,S,,M,,,46-55
113,122,S,,F,,,26-35
114,123,S,,M,,,46-55
115,124,S,,M,,,46-55
116,125,G,,F,,,46-55
117,126,S,,M,,,46-55
118,127,G,,F,,,56-70
119,128,B,,M,,,36-45
120,130,G,,F,,,26-35
121,131,S,,M,,,46-55
122,132,S,,F,,,46-55
123,133,G,,F,,,36-45
124,134,S,,M,,,70+
125,135,S,,F,,,36-45
126,136,S,,M,,,56-70
127,137,S,,M,,,46-55
128,138,B,,M,,,36-45
129,139,S,,F,,,26-35
130,140,S,,F,,,46-55
131,141,S,,M,,,56-70
132,142,S,,F,,,46-55
133,143,G,,M,,,70+
134,144,B,,F,,,36-45
135,145,B,,M,,,26-35
136,146,S,,F,,,26-35
137,147,S,,M,,,26-35
138,148,S,,F,,,26-35
139,149,G,,M,,,26-35
140,150,S,,F,,,36-45
141,151,S,,M,,,36-45
142,152,S,,F,,,46-55
143,153,S,,F,,,46-55
144,154,G,,M,,,46-55
145,155,S,,F,,,70+
146,157,S,,F,,,26-35
147,158,B,,F,,,36-45
148,159,S,,M,,,36-45
149,160,S,,M,,,36-45
150,161,S,,M,,,46-55
151,162,G,,M,,,26-35
152,163,G,,M,,,26-35
153,164,S,,M,,,46-55
154,166,S,,M,,,46-55
155,167,G,,F,,,46-55
156,168,S,,M,,,46-55
157,169,S,,M,,,36-45
158,170,G,,M,,,26-35
159,171,S,,M,,,36-45
160,172,S,,F,,,18-25
161,173,S,,M,,,36-45
162,174,S,,F,,,36-45
163,176,P,,M,,,18-25
164,177,B,,F,,,26-35
165,178,S,,M,,,36-45
166,179,S,,M,,,46-55
167,180,G,,M,,,26-35
168,181,S,,F,,,36-45
169,183,S,,M,,,46-55
170,184,S,,M,,,36-45
171,185,S,,M,,,46-55
172,186,G,,M,,,26-35
173,188,G,,M,,,46-55
174,189,G,,M,,,26-35
175,190,G,,F,,,36-45
176,191,S,,M,,,56-70
177,192,S,,F,,,36-45
178,193,G,,M,,,46-55
179,194,S,,M,,,26-35
180,195,G,,M,,,26-35
181,196,S,,F,,,26-35
182,197,S,,M,,,18-25
183,198,S,,F,,,36-45
184,199,S,,M,,,46-55
185,200,S,,M,,,26-35
186,201,S,,M,,,46-55
187,202,S,,M,,,46-55
188,203,G,,F,,,46-55
189,204,S,,M,,,46-55
190,205,S,,M,,,46-55
191,206,S,,M,,,36-45
192,207,S,,M,,,46-55
193,208,S,,F,,,26-35
194,209,G,,F,,,26-35
195,210,G,,M,,,36-45
196,211,S,,F,,,36-45
197,212,S,,M,,,36-45
198,213,B,,F,,,26-35
199,214,G,,M,,,46-55
200,215,S,,F,,,36-45
201,216,S,,F,,,26-35
202,217,S,,F,,,46-55
203,218,G,,F,,,36-45
204,219,S,,F,,,26-35
205,220,S,,M,,,46-55
206,221,S,,F,,,26-35
207,222,S,,F,,,36-45
208,223,S,,M,,,70+
209,224,G,,M,,,18-25
210,225,G,,F,,,46-55
211,226,S,,F,,,46-55
212,227,S,,F,,,46-55
213,228,G,,F,,,26-35
214,229,S,,F,,,36-45
215,230,S,,M,,,36-45
216,231,G,,M,,,46-55
217,232,S,,M,,,70+
218,233,G,,F,,,36-45
219,234,S,,F,,,36-45
220,235,S,,M,,,56-70
221,236,G,,F,,,46-55
222,237,G,,M,,,36-45
223,238,S,,M,,,70+
224,239,S,,F,,,36-45
225,240,S,,F,,,46-55
226,241,S,,M,,,46-55
227,242,G,,M,,,46-55
228,243,G,,F,,,56-70
229,244,S,,M,,,36-45
230,245,G,,F,,,26-35
231,246,S,,M,,,46-55
232,247,S,,F,,,36-45
233,248,S,,M,,,36-45
234,249,G,,F,,,26-35
235,250,B,,F,,,36-45
236,251,S,,F,,,46-55
237,252,S,,F,,,70+
238,253,S,,M,,,36-45
239,254,S,,F,,,26-35
240,255,S,,F,,,13-18
241,256,B,,F,,,26-35
242,257,S,,F,,,46-55
243,258,G,,M,,,36-45
244,259,S,,M,,,36-45
245,262,G,,M,,,26-35
246,263,S,,F,,,26-35
247,264,S,,M,,,26-35
248,265,G,,F,,,18-25
249,266,S,,M,,,56-70
250,267,S,,F,,,36-45
251,268,G,,M,,,70+
252,269,S,,M,,,46-55
253,270,S,,M,,,46-55
254,271,S,,M,,,36-45
255,273,S,,F,,,36-45
256,274,G,,M,,,36-45
257,275,S,,M,,,26-35
258,276,S,,M,,,46-55
259,277,G,,M,,,18-25
260,278,S,,F,,,36-45
261,279,B,,M,,,18-25
262,280,B,,F,,,26-35
263,281,S,,F,,,36-45
264,282,S,,F,,,36-45
265,283,G,,M,,,26-35
266,284,S,,M,,,36-45
267,286,S,,M,,,46-55
268,287,G,,F,,,26-35
269,288,S,,M,,,46-55
270,289,S,,M,,,26-35
271,292,G,,M,,,26-35
272,293,G,,M,,,56-70
273,294,S,,M,,,18-25
274,295,S,,F,,,56-70
275,297,G,,M,,,70+
276,298,S,,M,,,70+
277,299,S,,M,,,36-45
278,300,S,,M,,,70+
279,301,S,,F,,,46-55
280,302,S,,M,,,56-70
281,303,S,,M,,,46-55
282,304,S,,M,,,26-35
283,305,S,,M,,,70+
284,306,S,,M,,,46-55
285,307,S,,F,,,36-45
286,309,S,,M,,,26-35
287,310,P,,M,,,18-25
288,311,S,MRS,F,29,AU,26-35
289,312,S,,F,,,36-45
290,313,S,,M,,,46-55
291,314,G,,M,,,26-35
292,315,S,,M,,,36-45
293,316,S,,M,,,56-70
294,317,S,,M,,,36-45
295,318,S,,M,,,46-55
296,319,S,,M,,,46-55
297,320,S,,M,,,56-70
298,321,S,,F,,,36-45
299,322,S,,F,,,36-45
300,323,S,,F,,,36-45
301,324,G,,M,,,46-55
302,325,S,,M,,,70+
303,327,S,,M,,,36-45
304,328,S,,F,,,46-55
305,329,G,,M,,,46-55
306,330,S,,F,,,36-45
307,331,S,,F,,,36-45
308,332,S,,F,,,36-45
309,333,S,,M,,,46-55
310,334,S,,M,,,36-45
311,335,S,,M,,,70+
312,336,G,,M,,,70+
313,337,S,,F,,,26-35
314,338,G,,M,,,46-55
315,339,S,,F,,,46-55
316,340,S,,M,,,36-45
317,342,B,,F,,,26-35
318,343,S,,M,,,46-55
319,344,S,,M,,,36-45
320,345,S,,M,,,26-35
321,346,S,,F,,,26-35
322,347,S,,M,,,26-35
323,348,S,,M,,,26-35
324,349,S,,M,,,36-45
325,350,S,,F,,,26-35
326,351,S,,F,,,46-55
327,352,S,,M,,,46-55
328,353,S,,M,,,36-45
329,354,S,,F,,,36-45
330,355,G,,M,,,46-55
331,356,G,,F,,,56-70
332,357,S,,M,,,18-25
333,358,S,,M,,,46-55
334,359,S,,M,,,26-35
335,360,S,,F,,,26-35
336,361,S,,M,,,18-25
337,362,B,,M,,,26-35
338,363,S,,M,,,36-45
339,366,S,,F,,,26-35
340,367,S,,M,,,36-45
341,368,S,,M,,,36-45
342,369,G,,M,,,56-70
343,370,S,,M,,,26-35
344,371,S,,M,,,26-35
345,372,G,,M,,,26-35
346,373,S,,M,,,36-45
347,374,S,,M,,,46-55
348,375,S,,M,,,36-45
349,376,G,,M,,,46-55
350,377,G,,M,,,18-25
351,378,S,,M,,,36-45
352,379,S,,M,,,46-55
353,380,P,,F,,,18-25
354,381,S,,M,,,26-35
355,382,S,,M,,,46-55
356,383,B,,M,,,18-25
357,384,S,,M,,,36-45
358,385,S,,M,,,36-45
359,386,S,,M,,,36-45
360,387,S,,F,,,26-35
361,388,P,,F,,,18-25
362,389,S,,M,,,26-35
363,390,S,,M,,,46-55
364,391,S,,M,,,46-55
365,392,S,,M,,,26-35
366,393,S,,M,,,46-55
367,394,S,,F,,,36-45
368,395,S,,M,,,36-45
369,396,S,,F,,,36-45
370,397,G,,M,,,46-55
371,398,S,,M,,,36-45
372,399,G,,M,,,46-55
373,400,S,,M,,,46-55
374,401,S,,M,,,36-45
375,402,G,,M,,,70+
376,403,S,,M,,,46-55
377,404,G,,M,,,26-35
378,405,G,,M,,,36-45
379,407,S,,F,,,<13
380,408,S,,M,,,36-45
381,409,G,,M,,,46-55
382,410,S,,F,,,46-55
383,411,S,,F,,,36-45
384,412,S,,M,,,46-55
385,413,G,,F,,,36-45
386,414,S,,M,,,70+
387,415,S,,F,,,26-35
388,416,S,,M,,,36-45
389,418,G,,M,,,18-25
390,419,S,,F,,,18-25
391,420,S,,F,,,26-35
392,421,S,,M,,,56-70
393,422,S,,M,,,46-55
394,426,S,,F,,,26-35
395,427,S,,M,,,56-70
396,428,S,,M,,,36-45
397,429,S,,M,,,36-45
398,430,S,,M,,,46-55
399,431,G,,M,,,36-45
400,432,S,,M,,,36-45
401,433,S,,F,,,36-45
402,434,G,,M,,,46-55
403,435,S,,M,,,26-35
404,436,S,,M,,,70+
405,437,G,,F,,,36-45
406,438,G,,M,,,36-45
407,439,G,,M,,,36-45
408,440,G,,M,,,36-45
409,441,S,,M,,,70+
410,442,S,,M,,,46-55
411,443,S,,M,,,70+
412,444,G,,M,,,46-55
413,445,S,,F,,,36-45
414,446,G,,M,,,36-45
415,447,G,,M,,,36-45
416,448,S,,M,,,36-45
417,449,S,,F,,,36-45
418,450,S,,M,,,46-55
419,451,S,,M,,,36-45
420,452,S,,M,,,36-45
421,454,S,,F,,,56-70
422,455,S,,M,,,46-55
423,456,S,,M,,,26-35
424,457,G,,M,,,36-45
425,458,G,,F,,,36-45
426,459,S,,F,,,46-55
427,460,S,,M,,,70+
428,461,S,,F,,,56-70
429,462,S,,M,,,56-70
430,463,S,,M,,,46-55
431,464,S,,M,,,46-55
432,466,G,,M,,,36-45
433,467,S,,F,,,46-55
434,469,G,,M,,,46-55
435,470,S,,M,,,46-55
436,473,S,,M,,,46-55
437,474,S,,F,,,56-70
438,475,S,,F,,,46-55
439,476,P,,F,,,18-25
440,477,P,,M,,,18-25
441,478,B,,M,,,13-18
442,479,S,,F,,,46-55
443,480,S,,M,,,70+
444,481,G,,F,,,36-45
445,482,S,,F,,,36-45
446,483,B,,M,,,26-35
447,484,S,,M,,,36-45
448,486,S,,F,,,46-55
449,487,S,,F,,,56-70
450,488,G,,M,,,36-45
451,489,G,,M,,,36-45
452,490,S,,F,,,36-45
453,491,S,,F,,,36-45
454,492,S,,F,,,26-35
455,493,S,,F,,,46-55
456,494,S,,M,,,26-35
457,495,G,,F,,,36-45
458,496,S,,F,,,36-45
459,497,S,,M,,,36-45
460,498,S,,M,,,46-55
461,499,S,,M,,,36-45
462,500,S,,M,,,26-35
463,501,S,,M,,,46-55
464,502,S,,M,,,26-35
465,503,S,,F,,,46-55
466,504,S,,M,,,70+
467,506,G,,M,,,46-55
468,507,S,,M,,,70+
469,508,S,,M,,,18-25
470,509,S,,M,,,26-35
471,510,S,,M,,,26-35
472,511,S,,M,,,46-55
473,513,S,,M,,,46-55
474,514,S,,M,,,26-35
475,515,S,,M,,,26-35
476,516,S,,M,,,70+
477,517,S,,M,,,26-35
478,518,G,,F,,,46-55
479,519,S,,F,,,<13
480,520,S,,M,,,36-45
481,521,S,,F,,,46-55
482,522,G,,M,,,46-55
483,524,S,,M,,,26-35
484,525,S,,M,,,36-45
485,526,S,,F,,,36-45
486,527,S,,M,,,36-45
487,528,S,,M,,,46-55
488,529,G,,F,,,36-45
489,530,S,,F,,,46-55
490,531,S,,F,,,46-55
491,532,P,,F,,,18-25
492,533,S,,M,,,36-45
493,534,G,,M,,,36-45
494,535,S,,F,,,36-45
495,536,S,,F,,,46-55
496,537,S,,M,,,18-25
497,538,S,,M,,,36-45
498,539,S,,M,,,36-45
499,540,S,,M,,,26-35
500,541,S,,M,,,26-35
501,543,S,,M,,,26-35
502,544,G,,M,,,56-70
503,545,S,,M,,,70+
504,546,S,,M,,,26-35
505,547,S,,F,,,36-45
506,548,G,,F,,,36-45
507,549,G,,M,,,46-55
508,550,G,,M,,,36-45
509,551,S,,M,,,46-55
510,552,S,,M,,,70+
511,553,G,,M,,,36-45
512,554,S,,F,,,36-45
513,555,G,,F,,,<13
514,556,S,,F,,,36-45
515,557,S,,M,,,26-35
516,558,S,,M,,,36-45
517,559,G,,F,,,36-45
518,560,S,,M,,,46-55
519,561,S,,F,,,36-45
520,563,S,,F,,,46-55
521,564,S,,M,,,36-45
522,565,S,,M,,,26-35
523,566,S,,M,,,26-35
524,567,B,,M,,,<13
525,568,P,,F,,,18-25
526,569,S,,M,,,46-55
527,570,S,,F,,,<13
528,571,G,,M,,,56-70
529,572,S,,F,,,36-45
530,573,S,,F,,,36-45
531,574,S,,F,,,36-45
532,575,S,,M,,,56-70
533,576,S,,M,,,26-35
534,577,S,,M,,,46-55
535,578,S,,F,,,46-55
536,579,S,,M,,,26-35
537,580,G,,F,,,26-35
538,581,S,,M,,,46-55
539,582,S,,F,,,36-45
540,583,S,,F,,,36-45
541,585,G,,M,,,46-55
542,586,G,,M,,,46-55
543,587,G,,F,,,26-35
544,588,G,,F,,,26-35
545,589,S,,M,,,46-55
546,590,G,,M,,,36-45
547,591,S,,F,,,46-55
548,593,S,,M,,,46-55
549,594,S,,M,,,46-55
550,595,G,,M,,,18-25
551,596,S,,M,,,46-55
552,598,S,,M,,,46-55
553,599,S,,F,,,46-55
554,600,G,,M,,,46-55
555,601,S,,F,,,26-35
556,602,G,,M,,,18-25
557,603,S,,F,,,36-45
558,604,S,,F,,,36-45
559,605,S,,M,,,36-45
560,606,B,,M,,,18-25
561,607,G,,M,,,70+
562,608,S,,M,,,26-35
563,610,G,,M,,,36-45
564,612,S,,M,,,18-25
565,613,G,,M,,,46-55
566,614,P,,F,,,18-25
567,615,S,,M,,,36-45
568,616,G,,F,,,36-45
569,617,S,,M,,,36-45
570,618,P,,F,,,18-25
571,619,S,,M,,,36-45
572,620,S,,M,,,26-35
573,622,S,,M,,,36-45
574,623,G,,M,,,26-35
575,624,S,,M,,,26-35
576,625,S,,F,,,36-45
577,626,S,,M,,,36-45
578,627,S,,M,,,46-55
579,628,S,,M,,,46-55
580,629,S,,F,,,70+
581,630,S,,M,,,26-35
582,631,S,,M,,,36-45
583,632,S,,M,,,36-45
584,633,S,,M,,,36-45
585,634,S,,M,,,56-70
586,635,G,,F,,,36-45
587,636,G,,M,,,56-70
588,637,S,,M,,,46-55
589,638,S,,M,,,36-45
590,639,G,,F,,,46-55
591,640,S,,M,,,36-45
592,641,S,,M,,,46-55
593,642,S,,M,,,36-45
594,643,S,,M,,,26-35
595,644,B,,M,,,18-25
596,645,S,,F,,,13-18
597,646,S,,F,,,26-35
598,647,S,,M,,,26-35
599,648,S,,M,,,36-45
600,649,S,,M,,,46-55
601,650,S,,M,,,46-55
602,651,S,,M,,,26-35
603,652,S,,F,,,36-45
604,653,S,,M,,,46-55
605,654,G,,F,,,46-55
606,655,S,,M,,,46-55
607,656,S,,M,,,36-45
608,657,S,,M,,,26-35
609,658,G,,F,,,36-45
610,659,B,,F,,,26-35
611,660,S,,F,,,36-45
612,661,G,,F,,,36-45
613,662,S,,M,,,46-55
614,663,G,,M,,,56-70
615,664,G,,F,,,26-35
616,665,S,,M,,,26-35
617,666,S,,M,,,26-35
618,667,S,,F,,,26-35
619,668,S,,M,,,26-35
620,669,S,,F,,,36-45
621,670,B,,M,,,26-35
622,672,S,,F,,,36-45
623,673,S,,F,,,46-55
624,674,S,,M,,,56-70
625,676,P,,F,,,18-25
626,677,S,,M,,,36-45
627,678,S,,F,,,36-45
628,679,S,,M,,,36-45
629,681,S,,M,,,70+
630,682,S,,F,,,26-35
631,683,S,,M,,,36-45
632,684,G,,M,,,36-45
633,685,B,,M,,,26-35
634,686,S,,M,,,26-35
635,687,S,,M,,,36-45
636,688,S,,F,,,46-55
637,689,G,,M,,,26-35
638,690,S,,F,,,26-35
639,691,S,,M,,,46-55
640,692,G,,F,,,36-45
641,693,S,,M,,,26-35
642,694,S,,M,,,70+
643,695,S,,M,,,56-70
644,696,S,,M,,,46-55
645,697,S,,M,,,46-55
646,698,S,,M,,,26-35
647,699,S,,F,,,46-55
648,700,S,,F,,,36-45
649,701,S,,M,,,36-45
650,702,S,,F,,,26-35
651,703,S,,M,,,46-55
652,704,G,,M,,,46-55
653,705,S,,M,,,36-45
654,706,S,,M,,,46-55
655,708,S,,M,,,36-45
656,709,S,,F,,,13-18
657,710,S,,M,,,26-35
658,711,S,,F,,,36-45
659,712,S,,M,,,46-55
660,714,S,,M,,,36-45
661,715,S,,F,,,36-45
662,716,S,,M,,,36-45
663,717,S,,M,,,46-55
664,719,S,,M,,,56-70
665,720,S,,M,,,<13
666,722,S,,F,,,26-35
667,724,S,,M,,,26-35
668,725,S,,M,,,56-70
669,726,G,,M,,,46-55
670,727,G,,F,,,46-55
671,728,S,,F,,,26-35
672,729,S,,M,,,26-35
673,730,S,,M,,,36-45
674,731,G,,M,,,70+
675,732,S,,M,,,36-45
676,733,B,,F,,,26-35
677,734,G,,M,,,26-35
678,735,S,,M,,,46-55
679,736,S,,M,,,36-45
680,737,S,,M,,,36-45
681,738,S,,M,,,46-55
682,739,G,,F,,,46-55
683,740,S,,M,,,46-55
684,741,S,,F,,,46-55
685,742,G,,M,,,46-55
686,743,S,,M,,,46-55
687,744,S,,M,,,70+
688,745,S,,M,,,36-45
689,746,S,,M,,,26-35
690,747,S,,F,,,46-55
691,748,S,,M,,,46-55
692,749,G,,M,,,36-45
693,750,S,,M,,,18-25
694,751,S,,M,,,26-35
695,752,S,,M,,,26-35
696,753,S,,M,,,26-35
697,754,S,,M,,,46-55
698,755,S,,M,,,36-45
699,756,G,,M,,,36-45
700,757,B,,F,,,26-35
701,758,S,,M,,,36-45
702,759,S,,M,,,36-45
703,760,S,,M,,,46-55
704,761,S,,F,,,70+
705,762,S,,M,,,46-55
706,763,S,,F,,,26-35
707,764,S,,M,,,26-35
708,765,P,,F,,,18-25
709,766,S,,M,,,36-45
710,767,S,,M,,,46-55
711,768,S,,M,,,36-45
712,769,B,,M,,,<13
713,770,S,,F,,,26-35
714,771,S,,M,,,26-35
715,772,S,,F,,,46-55
716,773,S,,M,,,36-45
717,774,G,,M,,,46-55
718,775,S,,M,,,18-25
719,776,G,,F,,,46-55
720,778,S,,F,,,36-45
721,779,S,,M,,,26-35
722,780,S,,F,,,46-55
723,781,S,,M,,,46-55
724,782,S,,M,,,56-70
725,783,S,,F,,,36-45
726,784,S,,M,,,46-55
727,785,S,,M,,,36-45
728,787,P,,F,,,18-25
729,789,G,,M,,,46-55
730,790,S,,M,,,26-35
731,791,P,,F,,,18-25
732,792,S,,M,,,36-45
733,793,G,,M,,,46-55
734,794,S,,F,,,26-35
735,795,S,,M,,,46-55
736,796,S,,M,,,46-55
737,797,S,,M,,,46-55
738,798,S,,M,,,70+
739,799,S,,M,,,70+
740,800,S,,M,,,46-55
741,801,S,,M,,,26-35
742,802,S,,F,,,46-55
743,803,S,,F,,,36-45
744,804,S,,F,,,36-45
745,805,S,,F,,,36-45
746,806,S,,M,,,46-55
747,807,G,,F,,,56-70
748,808,S,,F,,,70+
749,809,G,,F,,,46-55
750,810,S,,M,,,46-55
751,811,S,,F,,,46-55
752,812,G,,F,,,<13
753,813,S,,M,,,26-35
754,814,S,,F,,,26-35
755,815,S,,F,,,36-45
756,816,G,,F,,,36-45
757,817,S,,M,,,56-70
758,819,P,,F,,,18-25
759,820,P,,M,,,18-25
760,821,G,,M,,,70+
761,822,G,,M,,,36-45
762,823,S,,M,,,36-45
763,824,S,,M,,,46-55
764,825,S,,F,,,36-45
765,826,S,,M,,,46-55
766,827,B,,F,,,26-35
767,828,G,,M,,,18-25
768,829,S,,M,,,46-55
769,830,S,,M,,,46-55
770,831,S,,M,,,36-45
771,832,G,,F,,,36-45
772,833,S,,M,,,56-70
773,834,S,,M,,,46-55
774,835,S,,M,,,70+
775,836,B,,F,,,26-35
776,837,B,,M,,,18-25
777,839,S,,M,,,46-55
778,840,S,,M,,,36-45
779,841,S,,M,,,46-55
780,842,S,,M,,,46-55
781,843,S,,M,,,36-45
782,844,S,,M,,,46-55
783,846,S,,F,,,26-35
784,847,S,,F,,,56-70
785,848,G,,M,,,36-45
786,849,S,,F,,,26-35
787,850,S,,F,,,26-35
788,851,G,,M,,,36-45
789,852,G,,M,,,13-18
790,853,S,,F,,,70+
791,854,S,,F,,,13-18
792,855,S,,M,,,56-70
793,856,S,,M,,,26-35
794,857,S,,M,,,70+
795,858,G,,F,,,26-35
796,859,S,,M,,,36-45
797,860,S,,M,,,26-35
798,861,S,,M,,,70+
799,863,G,,F,,,26-35
800,864,S,,M,,,56-70
801,865,S,,M,,,26-35
802,866,S,,F,,,36-45
803,867,G,,M,,,46-55
804,869,S,,F,,,46-55
805,870,G,,M,,,36-45
806,871,S,,M,,,36-45
807,872,S,,M,,,70+
808,873,B,,M,,,26-35
809,874,S,,M,,,46-55
810,875,S,,M,,,36-45
811,876,S,,M,,,36-45
812,877,G,,M,,,46-55
813,878,G,,M,,,70+
814,879,S,,M,,,46-55
815,880,S,,M,,,56-70
816,881,S,,F,,,36-45
817,882,S,,M,,,26-35
818,883,S,,F,,,46-55
819,884,G,,F,,,36-45
820,885,S,,M,,,46-55
821,886,S,,M,,,46-55
822,887,S,,M,,,46-55
823,888,S,,M,,,26-35
824,889,S,,M,,,36-45
825,890,S,,M,,,36-45
826,891,S,,M,,,36-45
827,892,S,,M,,,46-55
828,893,S,,F,,,26-35
829,894,S,,M,,,18-25
830,895,S,,M,,,36-45
831,896,S,,M,,,56-70
832,897,G,,M,,,46-55
833,898,S,,M,,,36-45
834,899,S,,M,,,26-35
835,900,B,,M,,,13-18
836,901,S,,M,,,26-35
837,902,S,,M,,,46-55
838,903,S,,F,,,36-45
839,904,G,,M,,,36-45
840,905,S,,M,,,36-45
841,906,S,,F,,,36-45
842,909,S,,M,,,46-55
843,910,S,,M,,,46-55
844,911,S,,F,,,46-55
845,912,G,,M,,,70+
846,913,S,,F,,,26-35
847,914,G,,F,,,46-55
848,915,G,,F,,,36-45
849,916,S,,F,,,46-55
850,917,G,,M,,,36-45
851,918,S,,M,,,26-35
852,919,S,,F,,,26-35
853,920,S,,F,,,56-70
854,921,S,,M,,,36-45
855,922,S,,M,,,70+
856,923,S,,M,,,46-55
857,924,S,,F,,,26-35
858,925,S,,M,,,36-45
859,926,S,,M,,,26-35
860,927,B,,M,,,26-35
861,928,G,,M,,,46-55
862,929,S,,M,,,18-25
863,930,G,,M,,,18-25
864,931,G,,M,,,18-25
865,932,G,,M,,,36-45
866,933,S,,M,,,26-35
867,934,S,,M,,,46-55
868,935,G,,M,,,36-45
869,936,S,,M,,,70+
870,937,G,,M,,,70+
871,938,B,,F,,,26-35
872,939,G,,M,,,70+
873,940,S,,M,,,36-45
874,941,G,,M,,,56-70
875,942,S,,M,,,70+
876,943,S,,F,,,36-45
877,944,G,,M,,,46-55
878,945,G,,M,,,<13
879,946,S,,M,,,70+
880,947,S,,M,,,46-55
881,948,S,,F,,,26-35
882,949,S,,M,,,56-70
883,950,S,,M,,,36-45
884,951,S,,M,,,36-45
885,952,S,,M,,,46-55
886,953,G,,F,,,26-35
887,954,G,,F,,,26-35
888,955,G,,M,,,46-55
889,957,S,,M,,,26-35
890,958,G,,M,,,36-45
891,959,G,,M,,,46-55
892,960,S,,F,,,36-45
893,962,S,,M,,,26-35
894,963,S,,F,,,36-45
895,964,S,,M,,,46-55
896,965,B,,M,,,18-25
897,966,S,,F,,,46-55
898,967,G,,M,,,36-45
899,968,B,,F,,,26-35
900,969,S,,F,,,36-45
901,970,S,,F,,,46-55
902,971,B,,M,,,26-35
903,973,S,,F,,,26-35
904,974,S,,M,,,46-55
905,975,S,,M,,,26-35
906,977,S,,M,,,46-55
907,978,S,,M,,,26-35
908,979,S,,F,,,46-55
909,980,S,,M,,,46-55
910,981,G,,M,,,36-45
911,982,S,,M,,,46-55
912,983,S,,M,,,56-70
913,984,S,,F,,,26-35
914,985,B,,M,,,36-45
915,987,S,,M,,,26-35
916,988,S,,M,,,46-55
917,989,S,,F,,,46-55
918,990,S,,M,,,18-25
919,992,G,,F,,,46-55
920,993,S,,F,,,36-45
921,994,S,,M,,,46-55
922,995,S,,M,,,36-45
923,997,B,,M,,,36-45
924,998,G,,F,,,26-35
925,999,S,,M,,,26-35
926,1000,S,,M,,,36-45
927,1001,P,,M,,,18-25
928,1002,S,,F,,,46-55
929,1003,S,,M,,,46-55
930,1004,S,,M,,,36-45
931,1005,B,,F,,,26-35
932,1006,S,,F,,,46-55
933,1007,S,,F,,,26-35
934,1008,B,,M,,,36-45
935,1011,S,,M,,,46-55
936,1012,S,,F,,,36-45
937,1014,P,,M,,,18-25
938,1015,B,,M,,,36-45
939,1016,S,,F,,,26-35
940,1017,S,,F,,,26-35
941,1018,S,,F,,,36-45
942,1019,G,,M,,,56-70
943,1020,S,,M,,,46-55
944,1021,S,,M,,,26-35
945,1022,S,,M,,,26-35
946,1023,S,,M,,,18-25
947,1024,G,,M,,,36-45
948,1025,G,,M,,,46-55
949,1026,S,,M,,,26-35
950,1027,S,,M,,,26-35
951,1028,G,,F,,,36-45
952,1029,P,,F,,,18-25
953,1031,B,,M,,,36-45
954,1032,P,,F,,,18-25
955,1033,B,,M,,,36-45
956,1034,G,,F,,,26-35
957,1035,S,,M,,,26-35
958,1036,S,,M,,,36-45
959,1038,S,,F,,,56-70
960,1039,S,,F,,,26-35
961,1041,S,,F,,,26-35
962,1042,S,,F,,,46-55
963,1043,S,,M,,,36-45
964,1044,S,,F,,,46-55
965,1045,S,,M,,,36-45
966,1046,S,,M,,,46-55
967,1047,G,,M,,,46-55
968,1048,G,,F,,,26-35
969,1049,S,,M,,,13-18
970,1051,S,,M,,,46-55
971,1052,P,,M,,,18-25
972,1053,S,,M,,,46-55
973,1054,B,,F,,,36-45
974,1055,S,,M,,,26-35
975,1056,B,,F,,,36-45
976,1057,B,,M,,,36-45
977,1058,S,,M,,,46-55
978,1059,B,,M,,,26-35
979,1060,S,,F,,,26-35
980,1061,B,,M,,,36-45
981,1062,G,,M,,,46-55
982,1063,S,,M,,,26-35
983,1064,S,,M,,,36-45
984,1065,S,,F,,,46-55
985,1067,S,,M,,,46-55
986,1068,S,,M,,,46-55
987,1069,S,,F,,,70+
988,1070,G,,M,,,56-70
989,1071,S,,M,,,36-45
990,1072,S,,M,,,36-45
991,1073,S,,M,,,36-45
992,1076,S,,M,,,18-25
993,1077,G,,F,,,46-55
994,1078,S,,F,,,36-45
995,1079,S,,M,,,46-55
996,1080,S,,F,,,36-45
997,1081,S,,F,,,46-55
998,1082,S,,M,,,56-70
999,1083,B,,M,,,26-35
1000,1084,B,,F,,,26-35
1001,1085,S,,F,,,46-55
1002,1086,S,,M,,,46-55
1003,1087,S,,F,,,36-45
1004,1089,S,,M,,,36-45
1005,1090,S,,F,,,56-70
1006,1091,S,,M,,,46-55
1007,1092,G,,F,,,36-45
1008,1093,G,,M,,,46-55
1009,1094,G,,M,,,46-55
1010,1095,G,,M,,,<13
1011,1097,S,,M,,,26-35
1012,1098,S,,M,,,46-55
1013,1099,S,,F,,,36-45
1014,1100,G,,F,,,26-35
1015,1101,S,,F,,,36-45
1016,1102,S,,M,,,46-55
1017,1103,B,,F,,,26-35
1018,1104,S,,F,,,70+
1019,1105,S,,M,,,26-35
1020,1106,S,,M,,,26-35
1021,1107,S,,M,,,36-45
1022,1108,B,,F,,,26-35
1023,1109,S,,F,,,36-45
1024,1110,S,,F,,,46-55
1025,1111,S,,F,,,46-55
1026,1112,S,,F,,,46-55
1027,1113,G,,M,,,26-35
1028,1114,S,,F,,,36-45
1029,1115,S,,F,,,46-55
1030,1116,G,,F,,,18-25
1031,1117,S,,F,,,70+
1032,1118,G,,M,,,36-45
1033,1119,S,,F,,,36-45
1034,1120,G,,F,,,46-55
1035,1121,B,,F,,,18-25
1036,1122,S,,F,,,70+
1037,1123,S,,F,,,36-45
1038,1124,S,,M,,,36-45
1039,1125,S,,F,,,26-35
1040,1126,S,,F,,,36-45
1041,1127,S,,F,,,26-35
1042,1128,G,,F,,,46-55
1043,1129,S,,F,,,70+
1044,1130,S,,F,,,46-55
1045,1131,S,,F,,,18-25
1046,1132,G,,M,,,36-45
1047,1133,S,,F,,,46-55
1048,1134,S,,F,,,13-18
1049,1135,S,,F,,,56-70
1050,1136,S,,F,,,46-55
1051,1137,S,,F,,,46-55
1052,1138,P,,M,,,18-25
1053,1139,S,,F,,,36-45
1054,1140,P,,F,,,18-25
1055,1141,S,,F,,,70+
1056,1142,S,,F,,,56-70
1057,1143,S,,M,,,36-45
1058,1144,B,,M,,,26-35
1059,1145,S,,M,,,46-55
1060,1146,G,,M,,,46-55
1061,1147,S,,F,,,36-45
1062,1148,S,,F,,,36-45
1063,1151,S,,M,,,46-55
1064,1152,S,,M,,,46-55
1065,1153,S,,M,,,46-55
1066,1154,S,,M,,,46-55
1067,1155,S,,F,,,18-25
1068,1156,S,,M,,,70+
1069,1157,S,,F,,,46-55
1070,1158,G,,M,,,13-18
1071,1159,S,,M,,,26-35
1072,1161,B,,M,,,26-35
1073,1163,G,,F,,,18-25
1074,1164,B,,M,,,26-35
1075,1165,S,,F,,,46-55
1076,1166,S,,M,,,46-55
1077,1167,S,,M,,,46-55
1078,1168,S,,M,,,18-25
1079,1169,S,,F,,,36-45
1080,1170,G,,M,,,36-45
1081,1171,S,,F,,,36-45
1082,1172,S,,M,,,70+
1083,1173,S,,F,,,36-45
1084,1174,P,,F,,,18-25
1085,1177,P,,F,,,18-25
1086,1178,S,,M,,,36-45
1087,1179,S,,M,,,36-45
1088,1181,S,,M,,,46-55
1089,1182,B,,M,,,26-35
1090,1183,S,,F,,,36-45
1091,1184,G,,M,,,46-55
1092,1186,S,,F,,,46-55
1093,1187,B,,M,,,26-35
1094,1188,S,,M,,,36-45
1095,1189,S,,F,,,46-55
1096,1190,G,,M,,,56-70
1097,1191,G,,F,,,46-55
1098,1192,S,,F,,,70+
1099,1193,S,,M,,,26-35
1100,1194,B,,M,,,36-45
1101,1195,S,,M,,,56-70
1102,1196,B,,M,,,36-45
1103,1197,B,,F,,,26-35
1104,1198,G,,M,,,18-25
1105,1199,S,,M,,,26-35
1106,1200,S,,M,,,26-35
1107,1201,G,,M,,,18-25
1108,1202,B,,M,,,36-45
1109,1203,S,,M,,,36-45
1110,1204,B,,F,,,26-35
1111,1205,S,,M,,,46-55
1112,1206,S,,M,,,36-45
1113,1207,S,,F,,,36-45
1114,1208,S,,M,,,56-70
1115,1209,S,,M,,,46-55
1116,1210,G,,M,,,46-55
1117,1211,S,,M,,,36-45
1118,1212,G,,F,,,46-55
1119,1214,S,,M,,,36-45
1120,1215,S,,F,,,36-45
1121,1216,G,,M,,,26-35
1122,1217,G,,M,,,26-35
1123,1218,P,,M,,,18-25
1124,1219,S,,F,,,36-45
1125,1220,S,,M,,,46-55
1126,1222,S,,M,,,46-55
1127,1223,S,,F,,,36-45
1128,1224,G,,M,,,26-35
1129,1225,G,,M,,,56-70
1130,1226,B,,M,,,26-35
1131,1228,S,,F,,,70+
1132,1229,S,,F,,,46-55
1133,1230,S,,M,,,70+
1134,1231,G,,F,,,26-35
1135,1232,S,,F,,,26-35
1136,1234,S,,M,,,36-45
1137,1235,P,,M,,,18-25
1138,1236,S,,F,,,26-35
1139,1237,S,,F,,,26-35
1140,1238,G,,M,,,36-45
1141,1239,S,,M,,,36-45
1142,1240,G,,F,,,26-35
1143,1241,S,,F,,,26-35
1144,1242,S,,F,,,46-55
1145,1243,S,,M,,,56-70
1146,1244,P,,F,,,18-25
1147,1245,G,,F,,,26-35
1148,1246,G,,M,,,26-35
1149,1248,S,,M,,,46-55
1150,1249,S,,M,,,70+
1151,1250,S,,M,,,36-45
1152,1251,S,,F,,,13-18
1153,1252,G,,M,,,26-35
1154,1253,S,,M,,,46-55
1155,1254,G,,M,,,26-35
1156,1255,S,,M,,,36-45
1157,1256,S,,F,,,36-45
1158,1257,G,,M,,,46-55
1159,1258,S,,M,,,46-55
1160,1259,S,,M,,,46-55
1161,1260,S,,F,,,26-35
1162,1261,B,,F,,,26-35
1163,1262,S,,M,,,46-55
1164,1263,S,,M,,,46-55
1165,1264,B,,M,,,18-25
1166,1265,S,,F,,,26-35
1167,1266,S,,F,,,18-25
1168,1267,S,,M,,,36-45
1169,1268,S,,F,,,46-55
1170,1269,G,,F,,,46-55
1171,1270,S,,F,,,18-25
1172,1271,S,,F,,,36-45
1173,1273,G,,F,,,26-35
1174,1274,G,,M,,,36-45
1175,1275,S,,F,,,46-55
1176,1276,B,,M,,,36-45
1177,1278,S,,F,,,26-35
1178,1279,S,,M,,,56-70
1179,1280,G,,F,,,26-35
1180,1281,S,,F,,,36-45
1181,1282,G,,F,,,36-45
1182,1283,G,,F,,,26-35
1183,1284,S,,M,,,36-45
1184,1285,S,,M,,,56-70
1185,1286,G,,F,,,46-55
1186,1287,P,,F,,,18-25
1187,1288,B,,F,,,26-35
1188,1289,P,,F,,,18-25
1189,1290,B,,F,,,36-45
1190,1291,S,,F,,,26-35
1191,1292,G,,M,,,46-55
1192,1293,S,,F,,,36-45
1193,1294,P,,F,,,18-25
1194,1295,B,,M,,,36-45
1195,1296,G,,M,,,26-35
1196,1297,S,,F,,,36-45
1197,1298,G,,M,,,26-35
1198,1299,S,,M,,,56-70
1199,1300,S,,F,,,18-25
1200,1301,S,,M,,,26-35
1201,1303,S,,M,,,56-70
1202,1304,B,,F,,,36-45
1203,1305,S,,M,,,46-55
1204,1306,S,,M,,,36-45
1205,1307,S,,F,,,36-45
1206,1308,S,,F,,,46-55
1207,1309,G,,M,,,26-35
1208,1310,G,,F,,,46-55
1209,1311,S,,M,,,26-35
1210,1312,G,,F,,,46-55
1211,1314,S,,F,,,46-55
1212,1315,S,,F,,,36-45
1213,1316,G,,M,,,56-70
1214,1317,B,,F,,,36-45
1215,1318,G,,M,,,46-55
1216,1319,G,,M,,,46-55
1217,1320,G,,F,,,26-35
1218,1321,S,,F,,,36-45
1219,1322,S,,F,,,46-55
1220,1323,S,,M,,,46-55
1221,1324,S,,M,,,36-45
1222,1325,G,,F,,,36-45
1223,1327,G,,M,,,70+
1224,1328,G,,M,,,56-70
1225,1329,S,,F,,,36-45
1226,1330,S,,F,,,36-45
1227,1332,B,,M,,,36-45
1228,1333,S,,F,,,46-55
1229,1334,S,,M,,,46-55
1230,1335,S,,F,,,26-35
1231,1336,B,,F,,,36-45
1232,1337,S,,M,,,36-45
1233,1338,S,,F,,,26-35
1234,1339,S,,M,,,56-70
1235,1340,S,,F,,,46-55
1236,1341,G,,M,,,26-35
1237,1343,G,,F,,,26-35
1238,1344,G,,M,,,26-35
1239,1345,S,,M,,,36-45
1240,1346,S,,F,,,56-70
1241,1347,S,,M,,,36-45
1242,1348,S,,F,,,26-35
1243,1349,S,,F,,,36-45
1244,1350,S,,M,,,56-70
1245,1351,S,,F,,,36-45
1246,1352,S,,M,,,56-70
1247,1353,S,,F,,,46-55
1248,1354,S,,F,,,46-55
1249,1355,S,,F,,,46-55
1250,1356,G,,F,,,26-35
1251,1357,G,,F,,,56-70
1252,1359,S,,M,,,46-55
1253,1360,S,,M,,,46-55
1254,1361,G,,M,,,26-35
1255,1362,B,,M,,,26-35
1256,1364,S,,M,,,46-55
1257,1365,G,,M,,,46-55
1258,1366,G,,F,,,36-45
1259,1367,B,,F,,,36-45
1260,1368,P,,M,,,18-25
1261,1369,S,,F,,,46-55
1262,1370,G,,M,,,26-35
1263,1371,S,,F,,,36-45
1264,1372,S,,F,,,46-55
1265,1373,S,,F,,,46-55
1266,1374,G,,M,,,56-70
1267,1375,S,,M,,,46-55
1268,1376,S,,F,,,70+
1269,1377,G,,M,,,26-35
1270,1378,G,,F,,,26-35
1271,1379,S,,M,,,36-45
1272,1381,G,,F,,,70+
1273,1382,S,,M,,,36-45
1274,1383,G,,F,,,26-35
1275,1384,S,,M,,,56-70
1276,1385,B,,F,,,36-45
1277,1386,S,,M,,,18-25
1278,1387,S,,F,,,46-55
1279,1388,S,,F,,,46-55
1280,1389,S,,F,,,26-35
1281,1390,G,,M,,,18-25
1282,1391,S,,M,,,26-35
1283,1392,S,,M,,,36-45
1284,1393,G,,M,,,26-35
1285,1394,S,,F,,,26-35
1286,1395,S,,M,,,36-45
1287,1396,G,,F,,,36-45
1288,1397,G,,F,,,46-55
1289,1398,S,,M,,,36-45
1290,1399,S,,M,,,70+
1291,1400,B,,F,,,26-35
1292,1402,S,,F,,,18-25
1293,1403,G,,M,,,46-55
1294,1404,G,,M,,,70+
1295,1405,S,,F,,,13-18
1296,1406,B,,M,,,26-35
1297,1407,S,,M,,,36-45
1298,1408,S,,F,,,26-35
1299,1409,S,,M,,,70+
1300,1410,G,,M,,,46-55
1301,1411,S,,F,,,46-55
1302,1412,S,,M,,,46-55
1303,1413,S,,M,,,46-55
1304,1414,S,,F,,,26-35
1305,1415,G,,F,,,36-45
1306,1416,S,,M,,,18-25
1307,1417,G,,M,,,46-55
1308,1418,S,,M,,,36-45
1309,1419,G,,M,,,18-25
1310,1420,S,,F,,,46-55
1311,1422,B,,M,,,36-45
1312,1423,S,,F,,,46-55
1313,1424,S,,M,,,46-55
1314,1425,G,,M,,,18-25
1315,1426,B,,F,,,26-35
1316,1427,S,,F,,,46-55
1317,1428,B,,F,,,26-35
1318,1429,S,,F,,,36-45
1319,1430,S,,M,,,<13
1320,1431,S,,M,,,46-55
1321,1432,S,,M,,,26-35
1322,1433,S,,M,,,56-70
1323,1434,S,,M,,,36-45
1324,1435,S,,F,,,46-55
1325,1436,G,,F,,,36-45
1326,1437,S,,F,,,46-55
1327,1438,S,,F,,,26-35
1328,1440,S,,M,,,26-35
1329,1441,B,,M,,,36-45
1330,1442,S,,F,,,46-55
1331,1443,S,,M,,,56-70
1332,1444,G,,M,,,46-55
1333,1445,G,,M,,,26-35
1334,1446,S,,F,,,26-35
1335,1447,S,,F,,,26-35
1336,1448,G,,F,,,46-55
1337,1449,S,,M,,,46-55
1338,1450,S,,F,,,36-45
1339,1451,B,,M,,,36-45
1340,1452,S,,M,,,70+
1341,1453,S,,M,,,46-55
1342,1454,S,,M,,,36-45
1343,1455,B,,F,,,36-45
1344,1457,S,,F,,,46-55
1345,1458,S,,F,,,46-55
1346,1459,G,,F,,,36-45
1347,1460,S,,F,,,46-55
1348,1461,G,,M,,,46-55
1349,1462,S,,M,,,36-45
1350,1463,S,,M,,,36-45
1351,1464,B,,M,,,18-25
1352,1465,B,,M,,,26-35
1353,1466,G,,M,,,46-55
1354,1467,S,,M,,,36-45
1355,1468,S,,M,,,36-45
1356,1469,S,,F,,,46-55
1357,1470,B,,M,,,18-25
1358,1471,S,,M,,,46-55
1359,1472,B,,F,,,36-45
1360,1473,S,,F,,,36-45
1361,1474,G,,M,,,13-18
1362,1475,G,,M,,,70+
1363,1476,S,,F,,,46-55
1364,1477,G,,M,,,46-55
1365,1478,S,,F,,,56-70
1366,1479,S,,F,,,18-25
1367,1480,B,,F,,,26-35
1368,1481,G,,F,,,36-45
1369,1482,S,,F,,,26-35
1370,1483,G,,F,,,46-55
1371,1484,G,,F,,,26-35
1372,1485,S,,F,,,46-55
1373,1486,G,,M,,,36-45
1374,1487,G,,F,,,46-55
1375,1488,G,,M,,,46-55
1376,1489,S,,M,,,46-55
1377,1490,S,,M,,,26-35
1378,1491,S,,M,,,26-35
1379,1492,S,,F,,,46-55
1380,1493,B,,M,,,26-35
1381,1494,S,,M,,,46-55
1382,1495,G,,M,,,46-55
1383,1496,S,,F,,,26-35
1384,1498,B,,F,,,26-35
1385,1500,S,,M,,,46-55
1386,1501,S,,F,,,26-35
1387,1502,S,,M,,,46-55
1388,1504,S,,M,,,26-35
1389,1506,S,,M,,,46-55
1390,1507,B,,M,,,26-35
1391,1508,P,,M,,,18-25
1392,1509,S,,M,,,36-45
1393,1510,S,,F,,,36-45
1394,1511,S,,F,,,36-45
1395,1512,S,,M,,,26-35
1396,1514,S,,M,,,36-45
1397,1516,B,,F,,,13-18
1398,1517,G,,F,,,36-45
1399,1518,S,,F,,,36-45
1400,1519,S,,M,,,26-35
1401,1520,S,,M,,,26-35
1402,1521,S,,M,,,46-55
1403,1522,S,,F,,,56-70
1404,1523,S,,F,,,70+
1405,1524,B,,M,,,18-25
1406,1525,S,,F,,,46-55
1407,1527,S,,M,,,36-45
1408,1528,S,,M,,,46-55
1409,1529,S,,M,,,46-55
1410,1530,S,,M,,,36-45
1411,1531,S,,F,,,46-55
1412,1532,S,,M,,,26-35
1413,1533,S,,M,,,18-25
1414,1534,S,,M,,,36-45
1415,1535,S,,F,,,36-45
1416,1536,G,,F,,,13-18
1417,1537,G,,F,,,18-25
1418,1538,S,,M,,,36-45
1419,1539,S,,F,,,36-45
1420,1543,G,,F,,,46-55
1421,1544,S,,M,,,46-55
1422,1545,S,,M,,,36-45
1423,1546,S,,M,,,36-45
1424,1547,G,,M,,,46-55
1425,1548,S,,F,,,46-55
1426,1549,B,,M,,,26-35
1427,1550,S,,M,,,26-35
1428,1551,S,,M,,,46-55
1429,1552,G,,M,,,46-55
1430,1553,S,,F,,,36-45
1431,1554,P,,F,,,18-25
1432,1555,S,,F,,,56-70
1433,1556,S,,M,,,26-35
1434,1557,P,,M,,,18-25
1435,1558,S,,M,,,36-45
1436,1559,S,,M,,,26-35
1437,1560,G,,M,,,36-45
1438,1561,G,,F,,,36-45
1439,1562,S,,F,,,36-45
1440,1563,S,,F,,,36-45
1441,1564,S,,F,,,46-55
1442,1565,S,,M,,,56-70
1443,1566,S,,M,,,26-35
1444,1567,B,,M,,,26-35
1445,1568,G,,M,,,36-45
1446,1569,S,,M,,,46-55
1447,1570,S,,F,,,18-25
1448,1571,G,,F,,,36-45
1449,1572,B,,M,,,36-45
1450,1573,S,,M,,,46-55
1451,1574,S,,M,,,36-45
1452,1575,G,,F,,,36-45
1453,1576,G,,M,,,36-45
1454,1577,S,,M,,,36-45
1455,1578,S,,M,,,46-55
1456,1579,G,,M,,,46-55
1457,1580,S,,F,,,26-35
1458,1581,S,,F,,,26-35
1459,1582,S,,F,,,26-35
1460,3404,G,ADV,M,5,AG,<13
1461,3412,S,ABR,F,61,IN,56-70
1462,3623,P,MR,M,27,IN,26-35
1463,5104,G,ADM,F,5,AF,<13
1464,5106,B,ABR,F,34,IN,26-35
1465,6006,B,ADM,F,35,IN,26-35
1466,7401,S,ABR,F,39,IN,36-45
1467,7415,B,MR,M,30,IN,26-35
1468,10101,B,MR,M,30,IN,26-35
1469,10104,G,BR,M,19,AF,18-25
1470,10117,B,CAP,F,30,IN,26-35
1471,10119,B,SIR,M,22,IN,18-25
1472,10120,S,ABR,F,43,IN,36-45
1473,10124,B,ADM,M,30,IN,26-35
1474,10201,S,ADM,F,22,IN,18-25
1475,10704,S,BRN,M,52,IN,46-55
1476,11703,G,BRN,M,4,IN,<13
1477,11807,S,MRS,F,25,IN,18-25
1478,12405,S,ADM,F,38,IN,36-45
1479,12710,S,MRS,F,64,IN,56-70
1480,12825,S,ABR,M,70,IN,56-70
1481,13102,S,ABR,F,35,IN,26-35
1482,13103,S,BRO,F,52,IN,46-55
1483,14008,S,MRS,F,29,AU,26-35
1484,14010,B,AMB,F,33,IN,26-35
1485,14102,S,ADM,F,51,IN,46-55
1486,15106,B,AMB,F,30,IN,26-35
1487,15120,S,MISS,F,75,IN,70+
1488,15706,S,ADM,F,42,IN,36-45
1489,18302,S,MR,M,31,IN,26-35
1490,20752,S,U,F,78,IN,70+
1491,20806,S,MISS,F,33,IN,26-35
1492,20820,B,MISS,F,33,IN,26-35
1493,21246,S,CAP,M,38,IN,36-45
1494,21605,G,MR,M,30,IN,26-35
1495,21628,G,U,M,34,IN,26-35
1496,21808,B,U,F,31,IN,26-35
1497,22459,S,U,F,49,IN,46-55
1498,23036,S,ADM,F,36,IN,36-45
1499,23058,S,U,F,31,IN,26-35
1500,23155,S,PR,M,59,IN,56-70
1501,23999,S,U,F,35,IN,26-35
1502,24210,S,ADV,F,48,IN,46-55
1503,25107,S,MR,M,40,IN,36-45
1504,25111,S,MR,M,40,IN,36-45
1505,25401,S,ADM,M,80,IN,70+
1506,26932,B,CAP,F,27,IN,26-35
1507,26977,B,ADV,F,30,IN,26-35
1508,28608,S,MISS,F,36,IN,36-45
1509,29057,S,MR,F,20,IN,18-25
1510,30601,S,U,F,40,IN,36-45
1511,30614,B,U,M,34,IN,26-35
1512,30921,B,U,F,3,IN,<13
1513,30972,S,U,F,37,IN,36-45
1514,31107,B,MRS,F,29,IN,26-35
1515,31605,S,MI,F,41,IN,36-45
1516,32206,B,MI,F,26,IN,26-35
1517,32712,S,MI,F,35,GL,26-35
1518,32731,G,U,F,48,IN,46-55
1519,33001,G,MISS,F,,AU,13-18
1520,33309,G,ADM,F,47,IN,46-55
1521,33420,B,MISS,F,,AU,13-18
1522,33509,S,MI,F,45,IN,36-45
1523,33717,S,ADM,F,47,IN,46-55
1524,33913,S,MR,M,30,IN,26-35
1525,33914,S,MRS,F,60,IN,56-70
1526,33953,S,ABR,F,41,IN,36-45
1527,34410,B,U,M,34,IN,26-35
1528,34413,B,MISS,F,34,IN,26-35
1529,35002,S,MR,F,45,IN,36-45
1530,35809,B,ABR,M,31,IN,26-35
1531,35810,B,MR,F,33,IN,26-35
1532,36302,S,MR,F,68,IN,56-70
1533,37317,S,U,F,31,IN,26-35
1534,37804,S,U,M,48,IN,46-55
1535,37902,S,ABR,M,37,IN,36-45
1536,38031,S,DR,F,30,IN,26-35
1537,38103,S,CAPT,F,40,IN,36-45
1538,38401,S,MR,M,30,IN,26-35
1539,38601,S,MR,M,30,IN,26-35
1540,38709,S,MR,M,10,IN,<13
1541,38808,G,MR,M,32,IN,26-35
1542,39005,S,MR,M,30,IN,26-35
1543,40008,S,U,F,40,IN,36-45
1544,41113,G,ADM,F,50,IN,46-55
1545,41151,S,MR,M,45,IN,36-45
1546,41601,S,U,F,41,IN,36-45
1547,41767,S,MR,M,40,IN,36-45
1548,41916,S,DR,F,34,IN,26-35
1549,42029,S,ADM,M,30,IN,26-35
1550,42177,G,QUEEN,F,48,IN,46-55
1551,42340,B,ADM,F,34,IN,26-35
1552,42350,S,ADM,M,37,IN,36-45
1553,42928,G,ADM,M,37,IN,36-45
1554,43317,B,DR,M,34,IN,26-35
1555,43551,G,MR,M,39,IN,36-45
1556,43610,G,MR,M,42,IN,36-45
1557,45044,G,ABR,M,38,IN,36-45
1558,45083,B,MR,M,30,IN,26-35
1559,45216,S,ABR,F,46,IN,46-55
1560,46003,S,MR,M,30,IN,26-35
1561,46005,S,MR,M,30,IN,26-35
1562,46006,S,MR,M,30,IN,26-35
1563,46016,S,MR,M,30,IN,26-35
1564,46462,S,MR,M,30,IN,26-35
1565,46468,S,MR,M,49,IN,46-55
1566,46602,G,BRO,F,41,IN,36-45
1567,46704,S,ADM,F,63,IN,56-70
1568,46817,S,MR,M,30,IN,26-35
1569,46926,S,MR,M,30,IN,26-35
1570,47802,S,U,F,48,IN,46-55
1571,47923,G,ADV,M,20,IN,18-25
1572,48008,S,U,F,50,IN,46-55
1573,48009,G,U,F,37,IN,36-45
1574,48117,B,ADV,M,20,IN,18-25
1575,48207,G,U,M,44,IN,36-45
1576,48208,B,U,M,33,IN,26-35
1577,48220,G,ADV,M,43,IN,36-45
1578,48312,G,U,F,41,IN,36-45
1579,48411,S,U,M,44,IN,36-45
1580,48627,G,ADV,M,43,IN,36-45
1581,48628,S,ADV,M,43,IN,36-45
1582,48722,S,U,F,38,IN,36-45
1583,48913,S,MR,M,24,AU,18-25
1584,49029,S,U,F,32,IN,26-35
1585,49106,S,U,M,42,IN,36-45
1586,49107,S,U,M,43,IN,36-45
1587,49108,B,U,M,35,IN,26-35
1588,49109,S,U,F,37,IN,36-45
1589,49110,S,U,F,46,IN,46-55
1590,49114,S,U,M,38,IN,36-45
1591,49116,G,U,M,45,IN,36-45
1592,49250,B,U,F,33,IN,26-35
1593,49401,S,U,F,48,IN,46-55
1594,49409,G,U,M,39,IN,36-45
1595,49410,B,U,M,33,IN,26-35
1596,49413,S,U,F,43,IN,36-45
1597,49416,S,U,M,47,IN,46-55
1598,49417,S,U,F,38,IN,36-45
1599,49420,B,U,M,34,IN,26-35
1600,49534,S,ADV,M,47,IN,46-55
1601,49552,G,MR,M,58,IN,56-70
1602,49553,S,MR,M,22,IN,18-25
1603,49566,S,MR,M,59,IN,56-70
1604,49893,S,U,F,32,IN,26-35
1605,50315,S,MR,M,30,IN,26-35
1606,50457,S,U,F,32,IN,26-35
1607,50578,S,U,F,46,IN,46-55
1608,50702,G,U,F,20,IN,18-25
1609,50759,S,U,F,49,IN,46-55
1610,51439,S,ADV,M,39,IN,36-45
1611,51891,B,MR,M,30,IN,26-35
1612,52501,S,U,M,38,IN,36-45
1613,52503,S,U,F,37,IN,36-45
1614,52609,G,U,F,38,IN,36-45
1615,53453,S,U,M,45,IN,36-45
1616,53602,B,MRS,F,34,IN,26-35
1617,54354,G,ADV,M,20,IN,18-25
1618,54356,S,U,F,47,IN,46-55
1619,54362,G,U,F,48,IN,46-55
1620,54367,S,U,F,36,IN,36-45
1621,54405,S,U,M,42,IN,36-45
1622,54502,S,U,F,35,IN,26-35
1623,54506,S,U,M,50,IN,46-55
1624,54704,S,U,F,31,IN,26-35
1625,54732,G,U,F,50,IN,46-55
1626,54735,S,U,F,45,IN,36-45
1627,54739,S,U,M,49,IN,46-55
1628,54904,S,U,F,37,IN,36-45
1629,55002,S,U,M,48,IN,46-55
1630,55004,S,U,F,40,IN,36-45
1631,55018,S,U,M,49,IN,46-55
1632,55102,G,U,F,50,IN,46-55
1633,55103,G,MR,M,70,IN,56-70
1634,55105,B,U,M,33,IN,26-35
1635,55601,S,ABR,M,50,IN,46-55
1636,55739,S,MS,F,34,IN,26-35
1637,55911,S,U,F,42,IN,36-45
1638,55953,S,MISS,F,15,,13-18
1639,56009,B,MR,M,21,IN,18-25
1640,56014,S,MISS,F,14,,13-18
1641,56102,S,U,F,34,IN,26-35
1642,56103,B,U,M,32,IN,26-35
1643,56104,S,U,M,50,IN,46-55
1644,56107,S,U,F,40,IN,36-45
1645,56261,S,U,F,45,IN,36-45
1646,56262,S,U,F,37,IN,36-45
1647,56263,G,U,F,36,IN,36-45
1648,56265,S,U,F,31,IN,26-35
1649,56267,S,U,F,33,IN,26-35
1650,56268,S,U,F,31,IN,26-35
1651,56269,S,U,M,44,IN,36-45
1652,56270,S,U,F,43,IN,36-45
1653,56277,S,U,F,42,IN,36-45
1654,56282,S,U,M,49,IN,46-55
1655,56283,S,U,M,37,IN,36-45
1656,56284,B,U,M,31,IN,26-35
1657,56285,S,U,F,47,IN,46-55
1658,56287,B,U,M,35,IN,26-35
1659,56314,S,ADV,F,44,IN,36-45
1660,56356,S,U,F,46,IN,46-55
1661,56360,S,ADV,M,20,IN,18-25
1662,56368,S,ADV,F,41,IN,36-45
1663,56473,S,MISS,F,17,,13-18
1664,56501,S,MR,M,32,AU,26-35
1665,56507,B,MR,M,32,AU,26-35
1666,56508,B,MR,M,32,AU,26-35
1667,56603,G,ADV,F,45,IN,36-45
1668,56802,G,MR,M,51,IN,46-55
1669,56842,S,ADV,F,30,IN,26-35
1670,56918,G,ADV,M,48,IN,46-55
1671,57166,S,U,F,31,IN,26-35
1672,57167,S,U,M,45,IN,36-45
1673,57438,S,ADV,F,43,IN,36-45
1674,57476,G,MISS,F,17,,13-18
1675,57667,S,U,M,45,IN,36-45
1676,57668,S,U,F,46,IN,46-55
1677,57669,S,U,M,44,IN,36-45
1678,57670,G,U,F,37,IN,36-45
1679,57672,S,U,M,49,IN,46-55
1680,57673,S,U,F,41,IN,36-45
1681,57674,G,U,M,45,IN,36-45
1682,57675,B,U,M,32,IN,26-35
1683,57678,G,U,F,50,IN,46-55
1684,57681,S,U,F,30,IN,26-35
1685,57696,G,U,M,47,IN,46-55
1686,57700,S,U,F,31,IN,26-35
1687,57703,S,U,M,45,IN,36-45
1688,57704,S,U,F,34,IN,26-35
1689,57705,S,U,F,43,IN,36-45
1690,57707,S,U,F,35,IN,26-35
1691,57767,S,ADV,F,34,IN,26-35
1692,57775,S,MR,M,1,IN,<13
1693,57810,B,MISS,F,12,,13-18
1694,57912,S,MR,M,3,IN,<13
1695,57913,G,MR,M,3,IN,<13
1696,57914,B,MR,M,3,IN,<13
1697,58017,S,ADV,F,37,IN,36-45
1698,58367,S,ADV,F,35,IN,26-35
1699,58394,S,U,F,42,IN,36-45
1700,58395,S,U,F,30,IN,26-35
1701,58396,S,U,F,31,IN,26-35
1702,58397,B,ADV,F,32,IN,26-35
1703,58433,S,MISS,F,20,,18-25
1704,58541,S,U,F,33,IN,26-35
1705,58630,S,U,F,42,IN,36-45
1706,58631,S,U,F,39,IN,36-45
1707,58632,S,U,F,33,IN,26-35
1708,58635,G,MR,M,40,IN,36-45
1709,58642,S,MR,M,40,IN,36-45
1710,58650,G,U,F,43,IN,36-45
1711,58652,S,U,F,37,IN,36-45
1712,58702,S,U,F,42,IN,36-45
1713,58703,S,U,F,37,IN,36-45
1714,58707,S,ADV,F,42,IN,36-45
1715,58715,S,U,F,35,IN,26-35
1716,58716,S,U,F,39,IN,36-45
1717,58719,S,U,M,45,IN,36-45
1718,58724,S,MR,M,20,IN,18-25
1719,58732,S,U,F,32,IN,26-35
1720,58733,S,ADV,F,31,IN,26-35
1721,58734,S,ADV,F,34,IN,26-35
1722,58773,S,BR,M,14,,13-18
1723,58813,S,ADV,F,33,IN,26-35
1724,58826,S,ADV,F,44,IN,36-45
1725,58831,S,U,F,45,US,36-45
1726,58832,G,U,F,44,IN,36-45
1727,58847,S,U,F,39,IN,36-45
1728,58848,S,U,F,45,IN,36-45
1729,58849,S,U,F,45,IN,36-45
1730,58850,S,U,M,45,IN,36-45
1731,58864,S,U,F,34,IN,26-35
1732,58867,S,U,F,42,IN,36-45
1733,58875,S,U,M,48,IN,46-55
1734,58913,S,U,F,36,IN,36-45
1735,58914,S,U,F,30,IN,26-35
1736,58915,S,U,F,32,IN,26-35
1737,58916,S,U,F,39,IN,36-45
1738,58924,G,ADV,M,20,IN,18-25
1739,58946,S,U,M,44,IN,36-45
1740,59001,S,U,F,37,IN,36-45
1741,59006,S,U,F,30,IN,26-35
1742,59015,S,U,F,31,IN,26-35
1743,59103,S,ADV,F,47,IN,46-55
1744,59105,S,ADV,F,38,IN,36-45
1745,59106,S,ADV,F,48,IN,46-55
1746,59108,S,ADV,M,48,IN,46-55
1747,59209,S,U,M,44,IN,36-45
1748,59210,S,U,F,36,IN,36-45
1749,59217,S,MR,M,29,IN,26-35
1750,59229,G,U,F,36,IN,36-45
1751,59334,B,ADV,M,20,IN,18-25
1752,59336,S,ADV,M,20,IN,18-25
1753,59344,S,ADV,F,37,IN,36-45
1754,59363,S,U,F,47,IN,46-55
1755,59378,S,MR,M,1,IN,<13
1756,59385,S,MR,M,1,IN,<13
1757,59404,S,U,F,38,IN,36-45
1758,59444,S,U,M,47,IN,46-55
1759,59445,S,MR,M,29,IN,26-35
1760,59505,S,MR,M,21,IN,18-25
1761,59524,S,U,F,46,IN,46-55
1762,59526,S,U,F,32,IN,26-35
1763,59529,G,MR,M,21,IN,18-25
1764,59728,S,U,F,30,IN,26-35
1765,59729,G,U,F,40,IN,36-45
1766,59835,S,U,F,43,IN,36-45
1767,60003,S,U,F,40,IN,36-45
1768,60006,G,AMB,F,20,IN,18-25
1769,60062,S,MISS,F,14,,13-18
1770,60101,S,ADV,F,34,IN,26-35
1771,60102,S,ADV,F,43,IN,36-45
1772,60129,G,BR,M,18,,13-18
1773,60142,S,ADV,F,46,IN,46-55
1774,60193,B,MR,M,20,IN,18-25
1775,60197,S,MR,M,20,IN,18-25
1776,60209,G,ADV,F,36,IN,36-45
1777,60211,S,ADV,F,39,IN,36-45
1778,60213,S,ADV,F,38,IN,36-45
1779,60215,S,ADV,M,45,IN,36-45
1780,60219,S,ADV,M,49,IN,46-55
1781,60260,S,ADV,F,42,IN,36-45
1782,60310,S,U,F,33,IN,26-35
1783,60337,S,ADV,F,39,IN,36-45
1784,60339,S,ADV,M,20,IN,18-25
1785,60340,S,ADV,F,33,IN,26-35
1786,60344,S,ADM,F,37,IN,36-45
1787,60345,S,ADM,F,49,IN,46-55
1788,60355,S,ADV,M,50,IN,46-55
1789,60361,S,ADV,F,41,IN,36-45
1790,60362,S,U,F,42,IN,36-45
1791,60363,S,ADV,F,34,IN,26-35
1792,60399,G,ADM,F,47,IN,46-55
1793,60400,S,U,F,30,IN,26-35
1794,60405,S,U,F,38,IN,36-45
1795,60408,S,U,F,35,IN,26-35
1796,60409,S,ADV,M,47,IN,46-55
1797,60410,S,ADM,F,36,IN,36-45
1798,60411,G,ADV,F,46,IN,46-55
1799,60421,G,MISS,F,17,,13-18
1800,60490,S,U,F,34,IN,26-35
1801,60491,S,U,F,37,IN,36-45
1802,60492,G,U,F,39,IN,36-45
1803,60495,S,U,F,43,IN,36-45
1804,60514,S,U,F,30,IN,26-35
1805,60544,G,ADV,F,39,IN,36-45
1806,60552,G,ADV,F,31,IN,26-35
1807,60593,G,ADM,F,39,IN,36-45
1808,60594,S,MR,M,67,IN,56-70
1809,60595,G,ADM,F,38,IN,36-45
1810,60597,S,ADM,F,47,IN,46-55
1811,60598,S,MR,M,78,IN,70+
1812,60599,G,ADV,M,41,IN,36-45
1813,60600,G,ADV,M,34,IN,26-35
1814,60603,S,U,F,46,IN,46-55
1815,60607,S,MR,M,43,IN,36-45
1816,60701,S,U,F,47,IN,46-55
1817,60711,G,U,F,43,IN,36-45
1818,60799,G,ADM,F,46,IN,46-55
1819,60800,G,MR,M,75,IN,70+
1820,60801,G,ADM,F,43,IN,36-45
1821,60804,G,ADM,F,32,IN,26-35
1822,60806,G,ADM,F,35,IN,26-35
1823,60807,S,ADV,M,20,IN,18-25
1824,61003,S,U,F,47,IN,46-55
1825,61004,G,MRS,F,31,IN,26-35
1826,61012,G,MR,M,40,IN,36-45
1827,61023,G,MR,M,39,IN,36-45
1828,61026,S,MR,M,47,IN,46-55
1829,61027,G,MR,M,41,IN,36-45
1830,61029,S,MISS,F,49,IN,46-55
1831,61071,G,ADV,F,45,IN,36-45
1832,61093,S,ADV,F,46,IN,46-55
1833,61098,S,ADV,F,37,IN,36-45
1834,61099,G,ADV,M,20,IN,18-25
1835,61100,B,ADV,M,20,IN,18-25
1836,61111,S,ADV,F,46,IN,46-55
1837,61112,G,ADV,F,49,IN,46-55
1838,61153,G,ADM,F,38,IN,36-45
1839,61155,G,ADM,F,32,IN,26-35
1840,61156,G,MR,M,80,IN,70+
1841,61157,G,ADM,F,30,IN,26-35
1842,61159,G,ADM,F,36,IN,36-45
1843,61160,S,ADV,M,20,IN,18-25
1844,61173,S,U,F,41,IN,36-45
1845,61174,G,U,F,30,IN,26-35
1846,61201,G,MR,M,38,IN,36-45
1847,61207,G,MI,F,31,IN,26-35
1848,61208,G,MI,F,46,IN,46-55
1849,61209,S,U,F,31,IN,26-35
1850,61223,S,U,F,49,IN,46-55
1851,61252,G,ADV,F,32,IN,26-35
1852,61255,G,ADV,F,36,IN,36-45
1853,61348,S,ADM,F,47,IN,46-55
1854,61353,G,ADM,F,49,IN,46-55
1855,61362,G,MR,M,38,IN,36-45
1856,61364,G,MRS,F,49,IN,46-55
1857,61365,S,MRS,F,44,IN,36-45
1858,61370,S,ADV,F,35,IN,26-35
1859,61372,S,ADV,F,33,IN,26-35
1860,61387,S,U,F,20,IN,18-25
1861,61388,S,ADV,F,46,IN,46-55
1862,61390,S,ADV,F,47,IN,46-55
1863,61471,S,U,F,32,IN,26-35
1864,61472,S,U,M,48,IN,46-55
1865,61473,S,U,F,43,IN,36-45
1866,61475,S,U,F,33,IN,26-35
1867,61478,S,U,M,45,IN,36-45
1868,61479,S,U,F,37,IN,36-45
1869,61494,S,U,F,35,IN,26-35
1870,61506,S,U,F,30,IN,26-35
1871,61629,G,ADM,F,44,IN,36-45
1872,61739,G,ADV,F,36,IN,36-45
1873,61796,G,ADM,F,32,IN,26-35
1874,61798,S,ADM,M,45,IN,36-45
1875,61800,G,ADM,F,33,IN,26-35
1876,61803,S,ADM,M,47,IN,46-55
1877,61804,G,MRS,F,20,IN,18-25
1878,61868,S,ADV,M,44,IN,36-45
1879,61869,S,ADV,F,32,IN,26-35
1880,61880,G,ADV,F,42,IN,36-45
1881,61906,S,ADV,F,46,IN,46-55
1882,61908,S,ADV,F,49,IN,46-55
1883,62023,S,ADV,F,39,IN,36-45
1884,62027,S,ADV,F,30,IN,26-35
1885,62028,S,ADV,F,39,IN,36-45
1886,62101,G,ADM,F,38,IN,36-45
1887,62103,S,ADM,F,47,IN,46-55
1888,62104,G,ADV,M,20,IN,18-25
1889,62132,S,ADV,F,39,IN,36-45
1890,62202,B,MI,F,20,IN,18-25
1891,62203,G,U,F,45,IN,36-45
1892,62204,B,U,F,36,IN,36-45
1893,62224,S,U,F,42,IN,36-45
1894,62271,S,ADV,F,38,IN,36-45
1895,62275,S,ADV,F,46,IN,46-55
1896,62276,S,ADV,F,33,IN,26-35
1897,62291,S,ADV,F,47,IN,46-55
1898,62397,B,MISS,F,15,,13-18
1899,62407,G,ADM,F,45,IN,36-45
1900,62409,S,ADM,F,39,IN,36-45
1901,62413,S,ADM,M,48,IN,46-55
1902,62414,S,ADM,F,33,IN,26-35
1903,62415,S,ADM,F,32,IN,26-35
1904,62416,S,ADV,F,40,IN,36-45
1905,62417,S,ADV,M,49,IN,46-55
1906,62418,S,U,F,40,AL,36-45
1907,62440,G,U,F,32,IN,26-35
1908,62442,G,U,F,39,IN,36-45
1909,62443,G,U,M,48,AL,46-55
1910,62455,S,U,F,38,IN,36-45
1911,62460,S,U,F,37,IN,36-45
1912,62461,S,MR,M,20,IN,18-25
1913,62463,S,U,F,37,IN,36-45
1914,62465,S,U,F,45,IN,36-45
1915,62466,S,MRS,F,39,IN,36-45
1916,62467,S,U,F,34,IN,26-35
1917,62468,S,U,F,38,IN,36-45
1918,62470,S,ADV,F,,IN,18-25
1919,62472,S,MR,M,29,IN,26-35
1920,62678,S,ADV,M,20,IN,18-25
1921,62679,G,ADV,M,20,IN,18-25
1922,62680,B,ADV,M,20,IN,18-25
1923,62682,S,ADM,F,36,IN,36-45
1924,62692,S,U,F,29,IN,26-35
1925,62810,S,MRS,F,45,IN,36-45
1926,62879,S,U,F,38,IN,36-45
1927,62888,S,ADV,M,47,IN,46-55
1928,62936,G,ADM,F,39,IN,36-45
1929,62938,S,ADM,F,42,IN,36-45
1930,63069,S,U,F,41,IN,36-45
1931,63126,G,ADM,F,46,IN,46-55
1932,63128,S,ADM,F,46,IN,46-55
1933,63130,G,ADM,F,43,IN,36-45
1934,63231,S,ADV,M,44,IN,36-45
1935,63235,S,ADV,F,40,IN,36-45
1936,63236,S,ADV,M,48,IN,46-55
1937,63249,S,U,F,30,IN,26-35
1938,63304,G,ADM,F,45,IN,36-45
1939,63306,S,ADM,M,48,IN,46-55
1940,63308,G,ADM,F,41,IN,36-45
1941,63310,S,ADM,F,37,IN,36-45
1942,63311,S,ADV,M,20,IN,18-25
1943,63402,G,U,M,50,IN,46-55
1944,63404,S,U,F,46,IN,46-55
1945,63407,S,U,F,35,IN,26-35
1946,63425,S,U,F,35,IN,26-35
1947,63527,S,ADV,F,35,IN,26-35
1948,63531,S,ADV,F,34,IN,26-35
1949,63532,S,ADV,F,43,IN,36-45
1950,63555,S,ADV,F,39,IN,36-45
1951,63563,S,MISS,F,18,,13-18
1952,63626,G,ADM,F,40,IN,36-45
1953,63628,S,ADM,M,49,IN,46-55
1954,63630,S,ADM,F,47,IN,46-55
1955,63632,S,ADM,F,35,IN,26-35
1956,63633,S,ADV,M,20,IN,18-25
1957,63725,S,ADV,F,43,IN,36-45
1958,63727,S,ADV,F,34,IN,26-35
1959,63741,S,U,F,37,IN,36-45
1960,63748,G,U,F,42,IN,36-45
1961,63750,S,U,F,50,IN,46-55
1962,63751,G,U,F,31,IN,26-35
1963,63771,S,MR,M,29,IN,26-35
1964,63794,S,ADV,F,35,IN,26-35
1965,63798,S,ADV,F,32,IN,26-35
1966,63799,S,ADV,F,33,IN,26-35
1967,63821,S,ADV,F,32,IN,26-35
1968,63868,G,ADM,F,38,IN,36-45
1969,63870,S,ADM,F,33,IN,26-35
1970,63872,G,ADM,F,32,IN,26-35
1971,63874,S,ADM,F,34,IN,26-35
1972,63875,G,ADV,M,20,IN,18-25
1973,63939,S,ADV,M,45,IN,36-45
1974,63943,S,ADV,F,37,IN,36-45
1975,63944,S,ADV,F,30,IN,26-35
1976,63965,S,ADV,F,35,IN,26-35
1977,64017,G,ADM,F,44,IN,36-45
1978,64019,S,ADM,F,32,IN,26-35
1979,64021,G,ADM,F,42,IN,36-45
1980,64022,S,MR,M,65,IN,56-70
1981,64023,S,ADM,M,49,IN,46-55
1982,64024,G,ADV,M,20,IN,18-25
1983,64048,S,U,F,40,IN,36-45
1984,64087,S,U,M,44,IN,36-45
1985,64088,S,U,F,37,IN,36-45
1986,64090,S,U,F,39,IN,36-45
1987,64117,S,ADV,F,37,IN,36-45
1988,64121,S,ADV,F,42,IN,36-45
1989,64122,G,ADV,M,50,IN,46-55
1990,64146,G,ADV,M,47,IN,46-55
1991,64156,S,BR,M,15,,13-18
1992,64193,G,ADM,F,30,IN,26-35
1993,64195,S,ADM,F,34,IN,26-35
1994,64197,G,ADM,F,32,IN,26-35
1995,64199,S,ADM,F,33,IN,26-35
1996,64200,B,ADV,M,20,IN,18-25
1997,64218,S,U,M,49,IN,46-55
1998,64294,S,ADV,F,40,IN,36-45
1999,64295,S,ADV,M,45,IN,36-45
2000,64310,S,U,M,45,IN,36-45
2001,64331,S,ADV,F,30,IN,26-35
2002,64335,S,ADV,F,38,IN,36-45
2003,64336,S,ADV,M,45,IN,36-45
2004,64417,G,ADM,F,37,IN,36-45
2005,64419,S,ADM,F,38,IN,36-45
2006,64420,S,MR,M,75,IN,70+
2007,64421,G,ADM,F,36,IN,36-45
2008,64423,S,ADM,F,35,IN,26-35
2009,64424,S,ADV,M,20,IN,18-25
2010,64478,S,ADV,F,35,IN,26-35
2011,64483,S,ADV,F,36,IN,36-45
2012,64484,S,ADV,F,31,IN,26-35
2013,64540,S,MISS,F,13,,13-18
2014,64567,S,ADM,F,48,IN,46-55
2015,64569,S,ADM,F,34,IN,26-35
2016,64571,G,ADM,F,35,IN,26-35
2017,64573,S,ADM,F,43,IN,36-45
2018,64574,S,ADV,M,20,IN,18-25
2019,64609,S,ADV,F,42,IN,36-45
2020,64614,S,ADV,F,32,IN,26-35
2021,64615,G,ADV,M,48,IN,46-55
2022,64697,G,ADM,F,43,IN,36-45
2023,64699,S,ADM,F,43,IN,36-45
2024,64700,S,MR,M,67,IN,56-70
2025,64701,G,ADM,F,48,IN,46-55
2026,64704,S,ADM,F,40,IN,36-45
2027,64705,S,ADV,M,20,IN,18-25
2028,64736,G,ADV,M,20,IN,18-25
2029,64737,S,ADV,M,47,IN,46-55
2030,64738,B,MRS,F,20,IN,18-25
2031,64739,G,MRS,F,35,IN,26-35
2032,64743,S,U,F,32,IN,26-35
2033,64744,S,ADM,F,36,AU,36-45
2034,64844,S,U,F,,IN,18-25
2035,64845,S,U,F,34,AU,26-35
2036,64947,S,U,M,44,IN,36-45
2037,65003,G,MR,M,30,IN,26-35
2038,65004,G,MR,M,30,IN,26-35
2039,65005,G,U,F,30,IN,26-35
2040,65006,S,U,F,47,IN,46-55
2041,65007,S,U,F,46,IN,46-55
2042,65008,G,MR,M,30,IN,26-35
2043,65012,B,U,F,30,IN,26-35
2044,65013,S,MR,M,37,IN,36-45
2045,65101,G,ABR,F,37,IN,36-45
2046,65266,G,BR,M,15,,13-18
2047,65770,B,BR,M,13,,13-18
2048,66061,S,MISS,F,12,,13-18
2049,66083,S,MISS,F,17,,13-18
2050,66262,G,BR,M,14,,13-18
